"q","Occ_after","Occ_equiv","fq","n","kappa","J_final","subshell","Capture_Config","Eres_eV","Vi_keV","GS","ICC","ICC_sum","Y_neec_SI","Ypdb","Ar","S_neec_beV","Spdb","Ratio","R_neec_p","sigma_b","shell","Gamma_neec_p"
42,1,4,0,3,1,0.5,"L1","2s",2117.6975733,2.7323024267,FALSE,2261.7282229966,0,7461.4602864,532.014920633168,0.287497167847221,1.7403126763e-05,1.24115865726203e-06,0.0713181415135585,0,85.2244199872709,"L",1.3e-07
42,1,5,0,3,-1,0.5,"L2","2p1/2",2118.5741943,2.7314258057,FALSE,279024.942965767,0,25.508434816,65633.6297956831,0.287497167847221,5.9474117956e-08,0.000153055803205141,2573.48588706056,0,0.291249226422395,"L",1.3e-07
42,1,6,0,3,2,1.5,"L2","2p1/2",2162.1398441,2.6878601559,FALSE,134155.741444861,0,272.52573154,63113.5566259227,0.287497167847221,6.2257664597e-07,0.000144207370464286,231.629906771727,0,3.04880463568303,"L",1.3e-07
42,1,7,0,3,-2,1.5,"L3","2p3/2",2162.2272497,2.6877727503,FALSE,462857.142857147,0,13647.414765,217751.101673377,0.287497167847221,3.117448952e-05,0.000497516594285823,15.9590935391786,0,152.663818629984,"L",1.3e-07
42,1,8,0,3,-3,2.5,"L3","2p3/2",2176.3193201,2.6736806799,FALSE,333980.357142859,0,366.73758909,235681.543951794,0.287497167847221,8.3233072399e-07,0.000534989832479472,642.761124946651,0,4.07598612339275,"L",1.3e-07
42,1,9,0,4,1,0.5,"L3","2p3/2",3320.117025,1.529882975,FALSE,213589.285714287,0,3222.9761439,50241.5302298469,0.287497167847221,4.7893146496e-06,7.46736434665943e-05,15.5917180076759,0,23.4536338617313,"L",1.3e-07
42,1,10,0,4,-1,0.5,"L3","2p3/2",3320.4870009,1.5295129991,FALSE,102672.321428572,0,6.7261047267,24151.0922402842,0.287497167847221,9.9940237372e-09,3.58915910419382e-05,3591.30536265805,0,0.0489414855124036,"L",1.3e-07
42,1,11,0,4,2,1.5,"M1","3s",3338.8277911,1.5111722089,FALSE,644.7348,0,133.00920053,303.315429293254,0.287497167847221,1.9654330878e-07,4.48281105107021e-07,2.28082608301259,0,0.96248735766073,"M",1.3e-07
42,1,12,0,4,-2,1.5,"M1","3s",3338.8643259,1.5111356741,FALSE,311.418,0,5939.871779,146.506570390875,0.287497167847221,8.7768916768e-06,2.1652510868503e-07,0.0246699078282317,0,42.9810983183026,"M",1.3e-07
42,1,13,0,4,3,2.5,"M2","3p1/2",3344.8110688,1.5051889312,FALSE,95219.999999981,0,13.376124421,67194.3607913624,0.287497167847221,1.9729993744e-08,9.91308093334524e-05,5024.37104743628,0,0.0966192625086084,"M",1.3e-07
42,1,14,0,4,-3,2.5,"M2","3p1/2",3344.8215124,1.5051784876,FALSE,46109.9999999907,0,177.79260648,32538.6680958802,0.287497167847221,2.6224597448e-07,4.80036473423431e-05,183.048176192325,0,1.28423825059825,"M",1.3e-07
42,1,15,0,4,-4,3.5,"M3","3p3/2",3347.775563,1.502224437,FALSE,162319.487179446,0,17.068120935,152726.376601649,0.287497167847221,2.5153380517e-08,0.000225114709980902,8949.68013658274,0,0.123177995223136,"M",1.3e-07
42,1,16,0,5,1,0.5,"M3","3p3/2",3874.0374279,0.9759625721,FALSE,115336.211538432,0,1664.5205359,27129.9552279767,0.287497167847221,2.1186773656e-06,3.4538908170952e-05,16.3021084435717,0,10.3753223246817,"M",1.3e-07
42,1,17,0,5,-1,0.5,"M3","3p3/2",3874.2269139,0.9757730861,FALSE,73254.7179486993,0,2.7739031061,17231.3377704802,0.287497167847221,3.5306144603e-09,2.19359880808941e-05,6213.0794306638,0,0.0172896844156452,"M",1.3e-07
42,1,18,0,5,2,1.5,"M3","3p3/2",3883.5964033,0.9664035967,FALSE,35056.3461538372,0,72.587453466,16492.2549288545,0.287497167847221,9.2165306664e-08,2.09442707147537e-05,227.24679679208,0,0.451340434989415,"M",1.3e-07
42,1,19,0,5,-2,1.5,"M4","3d3/2",3883.6150107,0.9663849893,FALSE,2206.33913043461,0,3081.2141289,1037.97204759892,0.287497167847221,3.9122039226e-06,1.31816195534845e-06,0.336935901457921,0,19.1583566973936,"M",1.3e-07
42,1,20,0,5,3,2.5,"M4","3d3/2",3886.6605161,0.9633394839,FALSE,1558.40543478249,0,8.8401328883,1099.72754719613,0.287497167847221,1.1215560529e-08,1.39548923958993e-06,124.424386635124,0,0.0549234430072832,"M",1.3e-07
42,1,21,0,5,-3,2.5,"M4","3d3/2",3886.665907,0.963334093,FALSE,971.645652173837,0,96.78503232,685.665915916198,0.287497167847221,1.2279189523e-07,8.70068298159087e-07,7.08571438309811,0,0.601321141460819,"M",1.3e-07
42,1,22,0,5,4,3.5,"M4","3d3/2",3888.1772127,0.9618227873,FALSE,453.706521739095,0,0.83059718315,426.892385565174,0.287497167847221,1.0533739337e-09,5.41489091891819e-07,514.052108722518,0,0.00515845133761567,"M",1.3e-07
42,1,23,0,5,-4,3.5,"M5","3d5/2",3888.1800324,0.9618199676,FALSE,2277.94782608678,0,11.259146705,2143.32070419387,0.287497167847221,1.4278982715e-08,2.71868034227668e-06,190.397341080938,0,0.0699252517358764,"M",1.3e-07
42,1,24,0,5,-5,4.5,"M5","3d5/2",3889.0849704,0.9609150296,FALSE,1735.7101449274,0,1.0087064129,2041.41170810584,0.287497167847221,1.2789546043e-09,2.58880977467366e-06,2024.16079974204,0,0.0062631368389072,"M",1.3e-07
40,3,6,0,3,-1,0.5,"L2","2p1/2",2345.432188,2.504567812,FALSE,134155.741444861,0,28.087573566,31556.7783129613,0.287497167847221,5.9140231676e-08,6.64569876442853e-05,1123.71875728134,0,0.289614160210316,"L",1.3e-07
40,3,7,0,3,1,0.5,"L3","2p3/2",2369.2341033,2.4807658967,FALSE,462857.142857147,0,6253.8408997,108875.550836689,0.287497167847221,1.3034776316e-05,0.000226977690921909,17.4132401983222,0,63.8322794704174,"L",1.3e-07
40,3,8,0,3,-2,1.5,"L3","2p3/2",2406.6595666,2.4433404334,FALSE,333980.357142859,0,11401.113856,157121.029301196,0.287497167847221,2.339284172e-05,0.000322451626962392,13.7842007748339,0,114.556504390902,"L",1.3e-07
40,3,9,0,3,2,1.5,"L3","2p3/2",2415.0579107,2.4349420893,FALSE,213589.285714287,0,219.10740502,100483.060459694,0.287497167847221,4.4801385681e-07,0.000205497557129245,458.685716983069,0,2.19395753492234,"L",1.3e-07
40,3,10,0,3,-3,2.5,"L3","2p3/2",2426.6939955,2.4233060045,FALSE,102672.321428572,0,297.98872049,72453.2767208525,0.287497167847221,6.0637577824e-07,0.00014746176980521,243.185455450111,0,2.96946776855664,"L",1.3e-07
40,3,11,0,4,-1,0.5,"M1","3s",3452.6141858,1.3973858142,FALSE,644.7348,0,7.7706959652,151.657714646627,0.287497167847221,1.1102849138e-08,2.16729595115377e-07,19.5201783273457,0,0.0543714868528089,"M",1.3e-07
40,3,12,0,4,1,0.5,"M1","3s",3462.3349944,1.3876650056,FALSE,311.418,0,2697.2708168,73.2532851954375,0.287497167847221,3.8429668723e-06,1.04389223622848e-07,0.0271637063476354,0,18.8192976573829,"M",1.3e-07
40,3,13,0,4,-2,1.5,"M2","3p1/2",3478.1474284,1.3718525716,FALSE,95219.999999981,0,4951.3882593,44796.2405275749,0.287497167847221,7.0223758788e-06,6.3545460597253e-05,9.04899733281035,0,34.3891025649327,"M",1.3e-07
40,3,14,0,4,2,1.5,"M2","3p1/2",3481.6471734,1.3683528266,FALSE,46109.9999999907,0,107.40575256,21692.4453972535,0.287497167847221,1.5217837297e-07,3.07406625457011e-05,202.004147802009,0,0.745228931995618,"M",1.3e-07
40,3,15,0,4,-3,2.5,"M3","3p3/2",3486.5632976,1.3634367024,FALSE,162319.487179446,0,145.30214908,114544.782451237,0.287497167847221,2.055808077e-07,0.000162093330033006,788.465284510146,0,1.00674466923937,"M",1.3e-07
40,3,16,0,4,3,2.5,"M3","3p3/2",3486.7495165,1.3632504835,FALSE,115336.211538432,0,10.414986882,81389.8656839301,0.287497167847221,1.4734863099e-08,0.00011516934328029,7816.11220318067,0,0.0721577322457912,"M",1.3e-07
40,3,17,0,4,-4,3.5,"M3","3p3/2",3489.1865214,1.3608134786,FALSE,73254.7179486993,0,13.322088597,68925.3510819207,0.287497167847221,1.8834549072e-08,9.74632920964266e-05,5174.70801790091,0,0.0922342026374052,"M",1.3e-07
40,3,18,0,5,-1,0.5,"M3","3p3/2",3960.6800624,0.8893199376,FALSE,35056.3461538372,0,3.2655265189,8246.12746442727,0.287497167847221,4.0652842422e-09,1.02675528611741e-05,2525.66665685782,0,0.0199080025298375,"M",1.3e-07
40,3,19,0,5,1,0.5,"M4","3d3/2",3965.5366224,0.8844633776,FALSE,2206.33913043461,0,1391.5599309,518.986023799459,0.287497167847221,1.7302210789e-06,6.4541389043466e-07,0.373023943763872,0,8.47302268765315,"M",1.3e-07
40,3,20,0,5,-2,1.5,"M4","3d3/2",3973.6642733,0.8763357267,FALSE,1558.40543478249,0,2564.816843,733.151698130751,0.287497167847221,3.1824653883e-06,9.09879422919383e-07,0.285903949266647,0,15.5847722389789,"M",1.3e-07
40,3,21,0,5,2,1.5,"M4","3d3/2",3975.4446743,0.8745553257,FALSE,971.645652173837,0,58.637653033,457.110610610799,0.287497167847221,7.2726386379e-08,5.67043015421863e-07,7.79693648556693,0,0.356146581090121,"M",1.3e-07
40,3,22,0,5,-3,2.5,"M4","3d3/2",3977.9618804,0.8720381196,FALSE,453.706521739095,0,79.15544667,320.169289173881,0.287497167847221,9.8111580664e-08,3.96915817268693e-07,4.04555521970438,0,0.480459785761071,"M",1.3e-07
40,3,23,0,5,3,2.5,"M5","3d5/2",3978.0672328,0.8719327672,FALSE,2277.94782608678,0,6.9701609765,1607.4905281454,0.287497167847221,8.6391456471e-09,1.99276281462702e-06,230.666653397139,0,0.0423065456562091,"M",1.3e-07
40,3,24,0,5,4,3.5,"M5","3d5/2",3979.3159712,0.8706840288,FALSE,1735.7101449274,0,0.60069905497,1633.12936648467,0.287497167847221,7.4430015149e-10,2.02390881302888e-06,2719.21053485917,0,0.00364489379242092,"M",1.3e-07
40,3,25,0,5,-4,3.5,"M5","3d5/2",3979.3161844,0.8706838156,FALSE,1285.98260869555,0,8.9014952517,1209.98080767519,0.287497167847221,1.1029456044e-08,1.49950808478067e-06,135.954853874811,0,0.054012075354381,"M",1.3e-07
40,3,26,0,5,-5,4.5,"M5","3d5/2",3980.06249,0.86993751,FALSE,887.547826086889,0,0.73020986568,1043.86698952747,0.287497167847221,9.0460101993e-10,1.29340261719076e-06,1429.804509054,0,0.00442989919531783,"M",1.3e-07
38,5,7,0,3,-1,0.5,"L3","2p3/2",2533.2630344,2.3167369656,FALSE,462857.142857147,0,34.239011432,108875.550836689,0.287497167847221,6.673489266e-08,0.000212246889290027,3180.44850047755,0,0.326805785955263,"L",1.3e-07
38,5,8,0,3,1,0.5,"L3","2p3/2",2569.5651103,2.2804348897,FALSE,333980.357142859,0,5561.9194148,78560.514650598,0.287497167847221,1.0686778025e-05,0.000150980396409728,14.1277750933474,0,52.3339553355259,"L",1.3e-07
38,5,9,0,3,-2,1.5,"L3","2p3/2",2604.0230205,2.2459769795,FALSE,213589.285714287,0,10074.747808,100483.060459694,0.287497167847221,1.9101078882e-05,0.000190550151716418,9.97588423636028,0,93.5394191525697,"L",1.3e-07
38,5,10,0,3,2,1.5,"L3","2p3/2",2630.4542261,2.2195457739,FALSE,102672.321428572,0,188.65529087,48302.1844805684,0.287497167847221,3.5408613121e-07,9.06746912712559e-05,256.080889023803,0,1.73398640191868,"L",1.3e-07
38,5,11,0,3,-3,2.5,"M1","3s",2640.3800517,2.2096199483,FALSE,644.7348,0,258.27279063,454.973143939881,0.287497167847221,4.8292390443e-07,8.50873845746108e-07,1.76192115971232,0,2.36491466237762,"M",1.3e-07
38,5,12,0,4,-1,0.5,"M1","3s",3570.9814872,1.2790185128,FALSE,311.418,0,9.9955623541,73.2532851954375,0.287497167847221,1.3806769445e-08,1.01202478463836e-07,7.32991731823884,0,0.0676127878554429,"M",1.3e-07
38,5,13,0,4,1,0.5,"M2","3p1/2",3587.7084603,1.2622915397,FALSE,95219.999999981,0,2370.0534434,22398.1202637875,0.287497167847221,3.2583668464e-06,3.07991680867717e-05,9.45233288289811,0,15.9564673849634,"M",1.3e-07
38,5,14,0,4,-2,1.5,"M2","3p1/2",3602.1113216,1.2478886784,FALSE,46109.9999999907,0,4324.538999,21692.4453972535,0.287497167847221,5.9215599889e-06,2.9709123749177e-05,5.01711099859951,0,28.9983244014961,"M",1.3e-07
38,5,15,0,4,2,1.5,"M3","3p3/2",3614.854902,1.235145098,FALSE,162319.487179446,0,91.849020386,76363.1883008245,0.287497167847221,1.2532491602e-07,0.000104214043658706,831.550875662069,0,0.613725534681836,"M",1.3e-07
38,5,16,0,4,-3,2.5,"M3","3p3/2",3619.1244938,1.2308755062,FALSE,115336.211538432,0,125.30680405,81389.8656839301,0.287497167847221,1.7077452943e-07,0.000110942530085846,649.643307208296,0,0.836295708091596,"M",1.3e-07
38,5,17,0,4,3,2.5,"M3","3p3/2",3626.3892867,1.2236107133,FALSE,73254.7179486993,0,8.135673871,51694.0133114406,0.287497167847221,1.1065425121e-08,7.03224524577378e-05,6355.15144594667,0,0.0541882186283195,"M",1.3e-07
38,5,18,0,4,-4,3.5,"M3","3p3/2",3628.3848831,1.2216151169,FALSE,35056.3461538372,0,10.423125726,32984.5098577091,0.287497167847221,1.4168790486e-08,4.48460319470138e-05,3165.12774970634,0,0.0693856321070867,"M",1.3e-07
38,5,19,0,5,-1,0.5,"M4","3d3/2",4042.2134268,0.8077865732,FALSE,2206.33913043461,0,4.315843785,518.986023799459,0.287497167847221,5.2640429637e-09,6.33123712916848e-07,120.273279926241,0,0.0257784141021836,"M",1.3e-07
38,5,20,0,5,1,0.5,"M4","3d3/2",4050.6111182,0.7993888818,FALSE,1558.40543478249,0,1215.2101316,366.575849065376,0.287497167847221,1.4790980224e-06,4.46264049724058e-07,0.30171364099314,0,7.2432542025356,"M",1.3e-07
38,5,21,0,5,-2,1.5,"M4","3d3/2",4057.926817,0.792073183,FALSE,971.645652173837,0,2226.3365803,457.110610610799,0.287497167847221,2.704891915e-06,5.55472546392096e-07,0.205358500024241,0,13.2460590400478,"M",1.3e-07
38,5,22,0,5,2,1.5,"M4","3d3/2",4064.260379,0.785739621,FALSE,453.706521739095,0,49.921028896,213.446192782587,0.287497167847221,6.0557169222e-08,2.58970154645973e-07,4.27645740336044,0,0.29655300988719,"M",1.3e-07
38,5,23,0,5,-3,2.5,"M5","3d5/2",4066.4473556,0.7835526444,FALSE,2277.94782608678,0,67.992259824,1607.4905281454,0.287497167847221,8.2434111894e-08,1.94928423143754e-06,23.646572840429,0,0.403686042686785,"M",1.3e-07
38,5,24,0,5,3,2.5,"M5","3d5/2",4069.9731296,0.7800268704,FALSE,1735.7101449274,0,5.5259254874,1224.84702486351,0.287497167847221,6.6938301494e-09,1.48398912651679e-06,221.695067456979,0,0.0327801894306022,"M",1.3e-07
38,5,25,0,5,-4,3.5,"M5","3d5/2",4070.9983348,0.7790016652,FALSE,1285.98260869555,0,7.0691663973,1209.98080767519,0.287497167847221,8.5610700709e-09,1.46560700557773e-06,171.194370965317,0,0.0419242036904559,"M",1.3e-07
38,5,26,0,5,4,3.5,"M5","3d5/2",4071.6370231,0.7783629769,FALSE,887.547826086889,0,0.42491343977,835.09359162198,0.287497167847221,5.1450774805e-10,1.01136006575825e-06,1965.68481153362,0,0.00251958311880729,"M",1.3e-07
38,5,27,0,5,-5,4.5,"M5","3d5/2",4072.2448768,0.7777551232,FALSE,541.321739130392,0,0.5169448474,636.661910021399,0.287497167847221,6.2585045773e-10,7.70929083637156e-07,1231.81036957833,0,0.00306483673797092,"M",1.3e-07
37,6,7,0,3,-1,0,"L3","2p3/2",2620.3988632,2.2296011368,FALSE,462857.142857147,0,9.2924296971,108875.550836689,0.287497167847221,1.7508017502e-08,0.000205171619524764,11718.723693378,0,0.0857380778210067,"L",1.3e-07
37,6,8,0,3,-1,1,"L3","2p3/2",2622.4797298,2.2275202702,FALSE,333980.357142859,0,27.397796235,117840.771975897,0.287497167847221,5.1579568199e-08,0.000221889565962763,4301.88878485154,0,0.252589022812812,"L",1.3e-07
37,6,9,0,3,1,1,"L3","2p3/2",2660.78819,2.18921181,FALSE,213589.285714287,0,4005.138247,75362.2953447703,0.287497167847221,7.4310583987e-06,0.000139855973218028,18.820464826719,0,36.3904515863892,"L",1.3e-07
37,6,10,0,3,1,0,"L3","2p3/2",2682.7845813,2.1672154187,FALSE,102672.321428572,0,1262.5201865,24151.0922402842,0.287497167847221,2.3232041802e-06,4.44507261008152e-05,19.1333704026775,0,11.3769055104795,"L",1.3e-07
37,6,11,0,3,-2,1,"M1","3s",2702.7970693,2.1472029307,FALSE,644.7348,0,3526.8589458,227.486571969941,0.287497167847221,6.4417231805e-06,4.15586786306847e-07,0.0645148471397974,0,31.5456026524991,"M",1.3e-07
37,6,12,0,3,-2,2,"M1","3s",2704.3113176,2.1456886824,FALSE,311.418,0,5876.101653,183.133212988594,0.287497167847221,1.0726534832e-05,3.34371452069855e-07,0.0311723643568788,0,52.528647408006,"M",1.3e-07
37,6,13,0,3,2,2,"M2","3p1/2",2737.4690282,2.1125309718,FALSE,95219.999999981,0,111.08811794,55995.3006594686,0.287497167847221,2.0032895567e-07,0.000100996675236434,504.154154344041,0,0.981025955055929,"M",1.3e-07
37,6,14,0,3,2,1,"M2","3p1/2",2752.7507806,2.0972492194,FALSE,46109.9999999907,0,63.578699646,16269.3340479401,0.287497167847221,1.1401542554e-07,2.91810635694151e-05,255.939610199301,0,0.558342109643598,"M",1.3e-07
37,6,15,0,3,-3,2,"M3","3p3/2",2755.5251971,2.0944748029,FALSE,162319.487179446,0,99.014897817,95453.9853760307,0.287497167847221,1.7738376278e-07,0.000171035687683601,964.212761095431,0,0.86866162063622,"M",1.3e-07
37,6,16,0,3,-3,3,"M3","3p3/2",2757.7763164,2.0922236836,FALSE,115336.211538432,0,137.64976871,94954.8432979185,0.287497167847221,2.4639574435e-07,0.000170002061974439,689.955349768358,0,1.20661848215721,"M",1.3e-07
36,7,7,0,2,-2,1.5,"L3","2p3/2",52.293575898,4.797706424102,TRUE,462857.142857147,0,29366.642588,217751.101673377,0.287497167847221,0.0027792739101,0.0206137073955438,7.41693984196115,0,13610.3132615002,"L",1.3e-07
36,7,8,0,3,-1,0.5,"L3","2p3/2",2712.160806,2.137839194,FALSE,333980.357142859,0,38.767944752,78560.514650598,0.287497167847221,7.0565681105e-08,0.000143022485052764,2026.79946984357,0,0.34556544493868,"L",1.3e-07
36,7,9,0,3,1,0.5,"L3","2p3/2",2759.304839,2.090695161,FALSE,213589.285714287,0,4798.6306184,50241.5302298469,0.287497167847221,8.5846183036e-06,8.98997809126676e-05,10.472193140488,0,42.039521156157,"L",1.3e-07
36,7,10,0,3,-2,1.5,"L3","2p3/2",2799.3096163,2.0506903837,FALSE,102672.321428572,0,8760.3041481,48302.1844805684,0.287497167847221,1.5447413696e-05,8.51911227224948e-05,5.51491171266776,0,75.6471460831952,"L",1.3e-07
36,7,11,0,3,2,1.5,"M1","3s",2845.9087193,2.0040912807,FALSE,644.7348,0,161.14417763,303.315429293254,0.287497167847221,2.7949436292e-07,5.26177528617277e-07,1.8826051556821,0,1.36870490538579,"M",1.3e-07
36,7,12,0,3,-3,2.5,"M1","3s",2862.5180334,1.9874819666,FALSE,311.418,0,216.10608837,219.759855586312,0.287497167847221,3.726414462e-07,3.79011032759503e-07,1.01709307062984,0,1.82485317426593,"M",1.3e-07
36,7,13,0,4,-1,0.5,"M2","3p1/2",3675.946661,1.174053339,FALSE,95219.999999981,0,11.859039911,22398.1202637875,0.287497167847221,1.5911397167e-08,3.00572725952049e-05,1889.04043307669,0,0.0779193080192748,"M",1.3e-07
36,7,14,0,4,1,0.5,"M2","3p1/2",3695.7995571,1.1542004429,FALSE,46109.9999999907,0,2029.4632295,10846.2226986267,0.287497167847221,2.7082384895e-06,1.44766775750258e-05,5.34542198966331,0,13.2624474669432,"M",1.3e-07
36,7,15,0,4,-2,1.5,"M3","3p3/2",3711.4525673,1.1385474327,FALSE,162319.487179446,0,3721.7639486,76363.1883008245,0.287497167847221,4.9455302891e-06,0.000101492115450609,20.5219884456675,0,24.218633591414,"M",1.3e-07
36,7,16,0,4,2,1.5,"M3","3p3/2",3729.8882167,1.1201117833,FALSE,115336.211538432,0,77.683142478,54259.9104559534,0.287497167847221,1.0271551393e-07,7.17575526305026e-05,698.604815231756,0,0.503005593051813,"M",1.3e-07
36,7,17,0,4,-3,2.5,"M3","3p3/2",3736.2116598,1.1137883402,FALSE,73254.7179486993,0,105.18956051,51694.0133114406,0.287497167847221,1.3884926217e-07,6.82480840324643e-05,491.526443611237,0,0.679955274431323,"M",1.3e-07
36,7,18,0,4,3,2.5,"M3","3p3/2",3746.5119497,1.1034880503,FALSE,35056.3461538372,0,6.2166243837,24738.3823932818,0.287497167847221,8.1832466351e-09,3.2570280618468e-05,3980.11719196704,0,0.040073973923578,"M",1.3e-07
36,7,19,0,4,-4,3.5,"M4","3d3/2",3748.3656533,1.1016343467,FALSE,2206.33913043461,0,7.9342333379,2075.94409519784,0.287497167847221,1.0439035376e-08,2.73180844677033e-06,261.691655251109,0,0.0511207409600481,"M",1.3e-07
36,7,20,0,5,-1,0.5,"M4","3d3/2",4109.4999259,0.7405000741,FALSE,1558.40543478249,0,5.2524029523,366.575849065376,0.287497167847221,6.3010587151e-09,4.39843879786124e-07,69.8047581642229,0,0.0308567581913979,"M",1.3e-07
36,7,21,0,5,1,0.5,"M4","3d3/2",4119.5803001,0.7304196999,FALSE,971.645652173837,0,1035.7497172,228.555305305399,0.287497167847221,1.2394792653e-06,2.73563246605941e-07,0.220708207280683,0,6.06982313638172,"M",1.3e-07
36,7,22,0,5,-2,1.5,"M4","3d3/2",4127.3747977,0.7226252023,FALSE,453.706521739095,0,1905.9105789,213.446192782587,0.287497167847221,2.2764753539e-06,2.54994387362791e-07,0.112012803883838,0,11.1480709353864,"M",1.3e-07
36,7,23,0,5,2,1.5,"M5","3d5/2",4136.5297054,0.7134702946,FALSE,2277.94782608678,0,42.005583753,1071.66035209693,0.287497167847221,5.0061500325e-08,1.27741866758195e-06,25.5169872914101,0,0.245154930317547,"M",1.3e-07
36,7,24,0,5,-3,2.5,"M5","3d5/2",4139.6408557,0.7103591443,FALSE,1735.7101449274,0,57.017300182,1224.84702486351,0.287497167847221,6.7900919816e-08,1.45891541421887e-06,21.4859447879687,0,0.332515908590856,"M",1.3e-07
36,7,25,0,5,3,2.5,"M5","3d5/2",4144.6870231,0.7053129769,FALSE,1285.98260869555,0,4.2831610582,907.485605756389,0.287497167847221,5.0945079997e-09,1.07958488150759e-06,211.91150972207,0,0.0249481886391834,"M",1.3e-07
36,7,26,0,5,-4,3.5,"M5","3d5/2",4145.6709939,0.7043290061,FALSE,887.547826086889,0,5.4588991632,835.09359162198,0.287497167847221,6.491415489e-09,9.93227400208414e-07,153.00628990572,0,0.0317889496226967,"M",1.3e-07
36,7,27,0,5,4,3.5,"M5","3d5/2",4146.4669934,0.7035330066,FALSE,541.321739130392,0,0.29236762222,509.329528017119,0.287497167847221,3.4760010416e-10,6.05659702900047e-07,1742.40368645362,0,0.00170222383988682,"M",1.3e-07
36,7,28,0,5,-5,4.5,"M5","3d5/2",4146.9895238,0.7030104762,FALSE,249.136231884038,0,0.35570193336,293.015295305956,0.287497167847221,4.2284568314e-10,3.48389589181491e-07,823.916627442883,0,0.00207070709651693,"M",1.3e-07
35,8,8,0,2,-2,2,"L3","2p3/2",236.80929065,4.61319070935,TRUE,333980.357142859,0,8732.6976743,196401.286626495,0.287497167847221,0.00018244398217,0.0041049822980113,22.4999599832583,0,893.441895376157,"L",1.3e-07
35,8,9,0,2,-2,0,"L3","2p3/2",268.47338195,4.58152661805,FALSE,213589.285714287,0,1740.4348029,50241.5302298469,0.287497167847221,3.2073537313e-05,0.000926219395479932,28.8779932952552,0,157.066523255578,"L",1.3e-07
35,8,10,0,3,-1,2,"L3","2p3/2",2802.4399505,2.0475600495,FALSE,102672.321428572,0,25.620782053,60377.7306007104,0.287497167847221,4.5109077243e-08,0.000106369630084799,2358.05377954844,0,0.220902542201156,"L",1.3e-07
35,8,11,0,3,-1,1,"M1","3s",2806.7578655,2.0432421345,FALSE,644.7348,0,14.886608469,227.486571969941,0.287497167847221,2.6170693508e-08,4.00153083099801e-07,15.290121485603,0,0.128159853413575,"M",1.3e-07
35,8,12,0,3,1,1,"M1","3s",2856.7398204,1.9932601796,FALSE,311.418,0,1702.094485,109.879927793156,0.287497167847221,2.9397066989e-06,1.89889892074046e-07,0.0645948427933646,0,14.3959646883167,"M",1.3e-07
35,8,13,0,3,1,2,"M2","3p1/2",2858.167262,1.991832738,FALSE,95219.999999981,0,2813.9644567,55995.3006594686,0.287497167847221,4.8573919065e-06,9.67202713856656e-05,19.9119760660526,0,23.7870133062782,"M",1.3e-07
35,8,14,0,3,-2,3,"M2","3p1/2",2887.6053427,1.9623946573,FALSE,46109.9999999907,0,3912.3166439,37961.7794451936,0.287497167847221,6.6841491331e-06,6.49007652695845e-05,9.70965248937894,0,32.7327807660391,"M",1.3e-07
35,8,15,0,3,-2,1,"M3","3p3/2",2887.7156536,1.9622843464,FALSE,162319.487179446,0,1676.7067032,57272.3912256184,0.287497167847221,2.8647293947e-06,9.79111011975975e-05,34.1781326287717,0,14.028795193451,"M",1.3e-07
35,8,16,0,3,-2,0,"M3","3p3/2",2916.1426706,1.9338573294,FALSE,115336.211538432,0,502.44218866,27129.9552279767,0.287497167847221,8.5008250951e-07,4.59271304062472e-05,54.0266737551397,0,4.16291795152245,"M",1.3e-07
35,8,17,0,3,2,2,"M3","3p3/2",2949.4572697,1.9005427303,FALSE,73254.7179486993,0,46.179321454,43078.3444262005,0.287497167847221,7.7241567722e-08,7.20994218705623e-05,933.427738417418,0,0.378257763542267,"M",1.3e-07
35,8,18,0,3,2,3,"M3","3p3/2",2954.6838902,1.8953161098,FALSE,35056.3461538372,0,64.388209497,28861.4461254954,0.287497167847221,1.0750423257e-07,4.82191706116993e-05,448.532764329089,0,0.52645630820973,"M",1.3e-07
35,8,19,0,3,2,1,"M4","3d3/2",2955.1730854,1.8948269146,FALSE,2206.33913043461,0,27.402485238,778.479035699189,0.287497167847221,4.5747609366e-08,1.30039851232033e-06,28.4254965525433,0,0.224029482007261,"M",1.3e-07
35,8,20,0,3,2,0,"M4","3d3/2",2955.5602849,1.8944397151,FALSE,1558.40543478249,0,9.1261160131,366.575849065376,0.287497167847221,1.5234250114e-08,6.12260621639442e-07,40.1897446252891,0,0.074603267998196,"M",1.3e-07
35,8,21,0,3,-3,4,"M4","3d3/2",2958.9495212,1.8910504788,FALSE,971.645652173837,0,76.703501784,1028.4988738743,0.287497167847221,1.2787899731e-07,1.71584134881823e-06,13.4176947341771,0,0.626233062754513,"M",1.3e-07
35,8,22,0,3,-3,2,"M4","3d3/2",2964.4834659,1.8855165341,FALSE,453.706521739095,0,41.677736243,266.807740978234,0.287497167847221,6.9357646418e-08,4.44281177122717e-07,6.40565532522763,0,0.339649608265987,"M",1.3e-07
35,8,23,0,3,-3,3,"M5","3d5/2",2972.8412644,1.8771587356,FALSE,2277.94782608678,0,56.353627567,1875.40561616963,0.287497167847221,9.3513031444e-08,3.11407072139773e-06,33.3009279381835,0,0.457940344548321,"M",1.3e-07
35,8,24,0,3,-3,1,"M5","3d5/2",2978.8380504,1.8711619496,FALSE,1735.7101449274,0,24.019432025,612.423512431753,0.287497167847221,3.9780179431e-08,1.01486296032933e-06,25.511774326952,0,0.194806529031575,"M",1.3e-07
34,9,9,0,2,-2,1.5,"L3","2p3/2",424.87838027,4.42512161973,TRUE,213589.285714287,0,5308.3229962,100483.060459694,0.287497167847221,6.1798790359e-05,0.00117034534932203,18.9379976941829,0,302.633321930296,"L",1.3e-07
34,9,10,0,3,-1,2.5,"L3","2p3/2",2886.4257663,1.9635742337,FALSE,102672.321428572,0,26.05267333,72453.2767208525,0.287497167847221,4.4527228991e-08,0.000123919379820919,2783.00228037919,0,0.218053187572381,"L",1.3e-07
34,9,11,0,3,-1,1.5,"M1","3s",2891.6980277,1.9583019723,FALSE,644.7348,0,16.549444013,303.315429293254,0.287497167847221,2.8233324499e-08,5.17822506854088e-07,18.3408265247838,0,0.138260712428719,"M",1.3e-07
34,9,12,0,3,-1,0.5,"M1","3s",2919.2757788,1.9307242212,FALSE,311.418,0,8.4332729139,73.2532851954375,0.287497167847221,1.4250868422e-08,1.23873855942075e-07,8.6923724417273,0,0.0697875739296461,"M",1.3e-07
34,9,13,0,3,1,1.5,"M2","3p1/2",2947.0808229,1.9029191771,FALSE,95219.999999981,0,1687.9740322,44796.2405275749,0.287497167847221,2.8253390678e-06,7.50352640326183e-05,26.5579678162472,0,13.8358978015698,"M",1.3e-07
34,9,14,0,3,1,2.5,"M2","3p1/2",2948.825098,1.901174902,FALSE,46109.9999999907,0,2506.6904141,32538.6680958802,0.287497167847221,4.193221794e-06,5.44710707475655e-05,12.9902670127078,0,20.5345223383312,"M",1.3e-07
34,9,15,0,3,-2,3.5,"M3","3p3/2",2976.0106029,1.8739893971,FALSE,162319.487179446,0,3017.8937815,152726.376601649,0.287497167847221,5.002131179e-06,0.000253328009694957,50.6440156464672,0,24.4958124040597,"M",1.3e-07
34,9,16,0,3,-2,2.5,"M3","3p3/2",2976.0841053,1.8739158947,FALSE,115336.211538432,0,2263.4201475,81389.8656839301,0.287497167847221,3.7515051473e-06,0.000134998436015307,35.9851394879378,0,18.3714027146918,"M",1.3e-07
34,9,17,0,3,-2,0.5,"M3","3p3/2",2976.1681081,1.8738318919,FALSE,73254.7179486993,0,754.47331064,17231.3377704802,0.287497167847221,1.2504661988e-06,2.85801897059983e-05,22.8556275518883,0,6.12362697564162,"M",1.3e-07
34,9,18,0,3,1,0.5,"M3","3p3/2",2978.8195202,1.8711804798,FALSE,35056.3461538372,0,839.18571218,8246.12746442727,0.287497167847221,1.3896254512e-06,1.36649579415331e-05,9.83355473932406,0,6.80510029553186,"M",1.3e-07
34,9,19,0,3,-2,1.5,"M4","3d3/2",2998.7436843,1.8512563157,FALSE,2206.33913043461,0,1330.0537998,1037.97204759892,0.287497167847221,2.1877875298e-06,1.70859966801765e-06,0.780971481345744,0,10.7137599939224,"M",1.3e-07
34,9,20,0,3,2,1.5,"M4","3d3/2",3049.2158271,1.8007841729,FALSE,1558.40543478249,0,26.944760561,733.151698130751,0.287497167847221,4.3586404133e-08,1.18680209123773e-06,27.2287222321967,0,0.213445897519014,"M",1.3e-07
34,9,21,0,3,2,3.5,"M4","3d3/2",3052.4080796,1.7975919204,FALSE,971.645652173837,0,53.170006175,914.221221221598,0.287497167847221,8.5918660243e-08,1.47835922168747e-06,17.2064976049008,0,0.420750137892509,"M",1.3e-07
34,9,22,0,3,2,2.5,"M4","3d3/2",3052.7388228,1.7972611772,FALSE,453.706521739095,0,39.851805849,320.169289173881,0.287497167847221,6.4390470018e-08,5.17679721222493e-07,8.039694710689,0,0.315324972042313,"M",1.3e-07
34,9,23,0,3,2,0.5,"M5","3d5/2",3053.116656,1.796883344,FALSE,2277.94782608678,0,13.274152468,535.830176048466,0.287497167847221,2.1445021279e-08,8.66272923700467e-07,40.3950601134988,0,0.105017881269653,"M",1.3e-07
34,9,24,0,3,-3,3.5,"M5","3d5/2",3055.7393051,1.7942606949,FALSE,1735.7101449274,0,49.85347031,1633.12936648467,0.287497167847221,8.0471353932e-08,2.63799609088476e-06,32.7818032378817,0,0.394074269402315,"M",1.3e-07
34,9,25,0,3,-3,4.5,"M5","3d5/2",3056.2633804,1.7937366196,FALSE,1285.98260869555,0,62.170804932,1512.47600959398,0.287497167847221,1.0033620715e-07,2.4426843769974e-06,24.3449941589446,0,0.491353948892765,"M",1.3e-07
34,9,26,0,3,-3,0.5,"M5","3d5/2",3061.9173486,1.7880826514,FALSE,887.547826086889,0,12.194661848,208.773397905495,0.287497167847221,1.9644260906e-08,3.36549491592163e-07,17.132204321791,0,0.0961994223562085,"M",1.3e-07
34,9,27,0,3,-3,2.5,"M5","3d5/2",3074.4013141,1.7755986859,FALSE,541.321739130392,0,35.094794705,381.997146012839,0.287497167847221,5.6303563433e-08,6.13283831513556e-07,10.8924514563514,0,0.275722782586155,"M",1.3e-07
34,9,28,0,3,-3,1.5,"M5","3d5/2",3074.466741,1.775533259,FALSE,249.136231884038,0,23.260432005,117.206118122383,0.287497167847221,3.7316561844e-08,1.88166544409546e-07,5.04244054412534,0,0.182742008512831,"M",1.3e-07
33,10,10,0,2,-2,0,"L3","2p3/2",596.56308533,4.25343691467,TRUE,102672.321428572,0,1575.2803332,24151.0922402842,0.287497167847221,1.306050613e-05,0.00020030569653646,15.3367484033683,0,63.9582803037385,"L",1.3e-07
33,10,11,0,3,-1,2,"M1","3s",2972.9169045,1.8770830955,FALSE,644.7348,0,27.983035012,379.144286616568,0.287497167847221,4.6448545428e-08,6.29544875345456e-07,13.5535972019041,0,0.227462018593682,"M",1.3e-07
33,10,12,0,3,-1,1,"M1","3s",2977.0447917,1.8729552083,FALSE,311.418,0,16.255111837,109.879927793156,0.287497167847221,2.6938240301e-08,1.82194891228083e-07,6.76342957788966,0,0.131918587756968,"M",1.3e-07
33,10,13,0,3,1,1,"M2","3p1/2",3038.7961381,1.8112038619,FALSE,95219.999999981,0,1470.6128081,33597.1803956812,0.287497167847221,2.3879704045e-06,5.45730596208173e-05,22.8533232731768,0,11.694070579487,"M",1.3e-07
33,10,14,0,3,1,2,"M2","3p1/2",3040.1604539,1.8098395461,FALSE,46109.9999999907,0,2430.5716534,27115.5567465668,0.287497167847221,3.9438667347e-06,4.40249103345685e-05,11.1628798070727,0,19.3134118684061,"M",1.3e-07
33,10,15,0,3,-2,3,"M3","3p3/2",3065.502866,1.784497134,FALSE,162319.487179446,0,3076.0864747,133635.579526443,0.287497167847221,4.9511232001e-06,0.000215172169425387,43.4592638335159,0,24.2460224970116,"M",1.3e-07
33,10,16,0,3,-2,1,"M3","3p3/2",3065.6026302,1.7843973698,FALSE,115336.211538432,0,1318.3227893,40694.9328419651,0.287497167847221,2.1214047148e-06,6.55224544409678e-05,30.8863527943771,0,10.3886783587345,"M",1.3e-07
33,10,17,0,3,-2,2,"M3","3p3/2",3071.2752256,1.7787247744,FALSE,73254.7179486993,0,2158.059246,43078.3444262005,0.287497167847221,3.466113823e-06,6.92314688780123e-05,19.9738013271852,0,16.9738199461414,"M",1.3e-07
33,10,18,0,3,-2,0,"M3","3p3/2",3097.3010323,1.7526989677,FALSE,35056.3461538372,0,365.47082771,8246.12746442727,0.287497167847221,5.8208544263e-07,1.3140711469913e-05,22.5752278059731,0,2.85051616911995,"M",1.3e-07
33,10,19,0,3,2,0,"M4","3d3/2",3143.7686909,1.7062313091,FALSE,2206.33913043461,0,7.6963918715,518.986023799459,0.287497167847221,1.2079485473e-08,8.14774910726982e-07,67.4511271649908,0,0.0591541484010674,"M",1.3e-07
33,10,20,0,3,2,3,"M4","3d3/2",3150.7854184,1.6992145816,FALSE,1558.40543478249,0,52.719003465,1283.01547172881,0.287497167847221,8.2529653468e-08,2.00975289817307e-06,24.3518882452636,0,0.404153916956719,"M",1.3e-07
33,10,21,0,3,2,1,"M4","3d3/2",3151.2360399,1.6987639601,FALSE,971.645652173837,0,22.572099751,342.832957958099,0.287497167847221,3.5333105018e-08,5.36946526384388e-07,15.1966980006667,0,0.173028871335377,"M",1.3e-07
33,10,22,0,3,2,2,"M4","3d3/2",3153.7711903,1.6962288097,FALSE,453.706521739095,0,37.558188969,266.807740978234,0.287497167847221,5.8741774383e-08,4.17538547837158e-07,7.10803431157493,0,0.287662884893641,"M",1.3e-07
33,10,23,0,3,-3,4,"M5","3d5/2",3153.7906168,1.6962093832,FALSE,2277.94782608678,0,63.660751012,2411.2357922181,0.287497167847221,9.9589876077e-08,3.77342001731603e-06,37.8895944643864,0,0.487699109525041,"M",1.3e-07
33,10,24,0,3,-3,2,"M5","3d5/2",3156.6531573,1.6933468427,FALSE,1735.7101449274,0,35.153731802,1020.70585405292,0.287497167847221,5.4930809818e-08,1.59588227588894e-06,29.0525896336957,0,0.269000304940785,"M",1.3e-07
33,10,25,0,3,-3,3,"M5","3d5/2",3161.6377471,1.6883622529,FALSE,1285.98260869555,0,48.517724579,1058.73320671579,0.287497167847221,7.5691193366e-08,1.6527205485998e-06,21.8350441458648,0,0.370665463776104,"M",1.3e-07
33,10,26,0,3,-3,1,"M5","3d5/2",3174.5582876,1.6754417124,FALSE,887.547826086889,0,19.409751417,313.160096858242,0.287497167847221,3.0159024097e-08,4.86858369522068e-07,16.1430412322426,0,0.147691008118927,"M",1.3e-07
32,11,11,0,3,-1,0.5,"M1","3s",3059.8637715,1.7901362285,TRUE,644.7348,0,45.459556015,151.657714646627,0.287497167847221,7.3282789208e-08,2.44641723785586e-07,3.33832440644712,0,0.35887132756968,"M",1.3e-07
32,11,12,0,3,1,0.5,"M1","3s",3130.2006792,1.7197993208,FALSE,311.418,0,3595.9038955,73.2532851954375,0.287497167847221,5.6659832275e-06,1.15502993930364e-07,0.0203853398947189,0,27.7467457886891,"M",1.3e-07
32,11,13,0,3,-2,1.5,"M2","3p1/2",3156.8878039,1.6931121961,FALSE,95219.999999981,0,6409.5929766,44796.2405275749,0.287497167847221,1.0013830875e-05,7.00340807630625e-05,6.99373512867147,0,49.0384825551535,"M",1.3e-07
32,11,14,0,3,2,1.5,"M2","3p1/2",3249.097466,1.600902534,FALSE,46109.9999999907,0,108.76054398,21692.4453972535,0.287497167847221,1.6508489804e-07,3.29483543562276e-05,199.584303273121,0,0.808433155473463,"M",1.3e-07
32,11,15,0,3,-3,2.5,"M3","3p3/2",3254.5047278,1.5954952722,FALSE,162319.487179446,0,152.1184349,114544.782451237,0.287497167847221,2.3051189733e-07,0.00017369050158644,753.499075745256,0,1.1288340892788,"M",1.3e-07
32,11,16,0,4,-1,0.5,"M3","3p3/2",3881.5794013,0.9684205987,FALSE,115336.211538432,0,14.644155385,27129.9552279767,0.287497167847221,1.8594577652e-08,3.44715450983518e-05,1853.84931798352,0,0.0910590445545197,"M",1.3e-07
32,11,17,0,4,1,0.5,"M3","3p3/2",3910.4665087,0.9395334913,FALSE,73254.7179486993,0,1488.7116919,17231.3377704802,0.287497167847221,1.8762741169e-06,2.17319323673827e-05,11.5824932890341,0,9.18825539384664,"M",1.3e-07
32,11,18,0,4,-2,1.5,"M3","3p3/2",3921.1982952,0.9288017048,FALSE,35056.3461538372,0,2674.5319095,16492.2549288545,0.287497167847221,3.3615463104e-06,2.07426677736782e-05,6.17057325954553,0,16.4617449763841,"M",1.3e-07
32,11,19,0,4,2,1.5,"M4","3d3/2",3955.8368573,0.8941631427,FALSE,2206.33913043461,0,52.813091084,1037.97204759892,0.287497167847221,6.5796411879e-08,1.29400514049134e-06,19.6668040632827,0,0.322209975023174,"M",1.3e-07
32,11,20,0,4,-3,2.5,"M4","3d3/2",3958.2647346,0.8917352654,FALSE,1558.40543478249,0,73.733519725,1099.72754719613,0.287497167847221,9.1803257249e-08,1.37014949539487e-06,14.924846203208,0,0.449567451788161,"M",1.3e-07
32,11,21,0,4,3,2.5,"M4","3d3/2",3975.9591535,0.8740408465,FALSE,971.645652173837,0,3.3609293645,685.665915916198,0.287497167847221,4.1658897882e-09,8.50454035787097e-07,204.147031972865,0,0.0204006754513255,"M",1.3e-07
32,11,22,0,4,-4,3.5,"M4","3d3/2",3976.948188,0.873051812,FALSE,453.706521739095,0,4.3302609711,426.892385565174,0.287497167847221,5.3660414743e-09,5.29356506891232e-07,98.6493506296065,0,0.0262779084760297,"M",1.3e-07
32,11,23,0,5,-1,0.5,"M5","3d5/2",4243.7359741,0.6062640259,FALSE,2277.94782608678,0,6.6987789079,535.830176048466,0.287497167847221,7.7772188902e-09,6.22509076486672e-07,80.0426328839851,0,0.0380856255348614,"M",1.3e-07
32,11,24,0,5,1,0.5,"M5","3d5/2",4258.227422,0.591772578,FALSE,1735.7101449274,0,750.44599388,408.282341621168,0.287497167847221,8.6827937877e-07,4.72707495798758e-07,0.544418659888471,0,4.25202938818479,"M",1.3e-07
32,11,25,0,5,-2,1.5,"M5","3d5/2",4263.5780639,0.5864219361,FALSE,1285.98260869555,0,1353.4070935,604.990403837593,0.287497167847221,1.5639434951e-06,6.99572529434012e-07,0.447313174437469,0,7.65874886035632,"M",1.3e-07
32,11,26,0,5,2,1.5,"M5","3d5/2",4280.4989259,0.5695010741,FALSE,887.547826086889,0,28.480670979,417.54679581099,0.287497167847221,3.278062883e-08,4.80908090704622e-07,14.6704962006253,0,0.160529203567852,"M",1.3e-07
32,11,27,0,5,-3,2.5,"M5","3d5/2",4281.7438168,0.5682561832,FALSE,541.321739130392,0,39.73880982,381.997146012839,0.287497167847221,4.5725146235e-08,4.39835453125646e-07,9.61911528648052,0,0.223919478366154,"M",1.3e-07
32,11,28,0,5,3,2.5,"M5","3d5/2",4290.5001344,0.5594998656,FALSE,249.136231884038,0,2.3838332157,175.809177183574,0.287497167847221,2.7373170202e-09,2.02013647585177e-07,73.7998726835143,0,0.0134048472176741,"M",1.3e-07
32,11,29,0,5,-4,3.5,"N1","4s",4291.0078886,0.5589921114,FALSE,120.535666666776,0,3.0681515235,113.411987316899,0.287497167847221,3.5226899978e-09,1.30300631884167e-07,36.9889578604823,0,0.0172508777270846,"N",1.3e-07
32,11,30,0,5,4,3.5,"N1","4s",4292.0917768,0.5579082232,FALSE,55.5874166667173,0,0.12468757721,52.3021904496805,0.287497167847221,1.4312339905e-10,6.007548608218e-08,419.746082617789,0,0.00070088604402835,"N",1.3e-07
32,11,31,0,5,-5,4.5,"N2","4p1/2",4292.3874671,0.5576125329,FALSE,18307.2600000167,0,0.15206589982,21531.6220951943,0.287497167847221,1.7453769976e-10,2.4730000267495e-05,141688.588204727,0,0.000854724236082865,"N",1.3e-07
31,12,12,0,3,-1,0,"M1","3s",3124.6976327,1.7253023673,TRUE,311.418,0,11.574049729,73.2532851954375,0.287497167847221,1.8272690951e-08,1.15707032548424e-07,6.33223824880003,0,0.0894827411828368,"M",1.3e-07
31,12,13,0,3,1,0,"M2","3p1/2",3183.3114006,1.6666885994,FALSE,95219.999999981,0,860.37623455,22398.1202637875,0.287497167847221,1.3332154224e-06,3.47254807543898e-05,26.046413933525,0,6.52885614404028,"M",1.3e-07
31,12,14,0,3,1,1,"M2","3p1/2",3192.9033231,1.6570966769,FALSE,46109.9999999907,0,2588.6800295,16269.3340479401,0.287497167847221,3.9991498389e-06,2.51475548436671e-05,6.28822521203261,0,19.5841373854182,"M",1.3e-07
31,12,15,0,3,-2,2,"M3","3p3/2",3209.4193157,1.6405806843,FALSE,162319.487179446,0,3835.792612,95453.9853760307,0.287497167847221,5.8949739718e-06,0.000146781852453476,24.8994911861598,0,28.8681306772318,"M",1.3e-07
31,12,16,0,3,-2,1,"M3","3p3/2",3228.758189,1.621241811,FALSE,115336.211538432,0,2310.1992981,40694.9328419651,0.287497167847221,3.5291881041e-06,6.22015754820601e-05,17.6248966185163,0,17.2826994421117,"M",1.3e-07
31,12,17,0,3,2,1,"M3","3p3/2",3314.2948253,1.5357051747,FALSE,73254.7179486993,0,39.224524776,25847.0066557203,0.287497167847221,5.8371312125e-08,3.84839336182529e-05,659.295332197449,0,0.285848703367804,"M",1.3e-07
31,12,18,0,3,2,2,"M3","3p3/2",3318.5206599,1.5314793401,FALSE,35056.3461538372,0,65.720128227,20615.3186610682,0.287497167847221,9.7671779148e-08,3.06551946257073e-05,313.859283542446,0,0.478306044676434,"M",1.3e-07
31,12,19,0,3,-3,3,"M4","3d3/2",3319.6114553,1.5303885447,FALSE,2206.33913043461,0,85.505676354,1816.45108329811,0.287497167847221,1.270313949e-07,2.70019134906759e-06,21.2560946149824,0,0.622082290036726,"M",1.3e-07
31,12,20,0,3,-3,2,"M4","3d3/2",3326.0087698,1.5239912302,FALSE,1558.40543478249,0,61.546892977,916.439622663439,0.287497167847221,9.126300855e-08,1.3596773020088e-06,14.8984492579365,0,0.446921813297551,"M",1.3e-07
30,13,13,0,3,1,0.5,"M2","3p1/2",3249.63397,1.60036603,TRUE,95219.999999981,0,3276.7912542,22398.1202637875,0.287497167847221,4.9729803486e-06,3.40145596995675e-05,6.83987414290574,0,24.353058596263,"M",1.3e-07
30,13,14,0,3,-2,1.5,"M2","3p1/2",3274.9682554,1.5750317446,FALSE,46109.9999999907,0,5829.7330728,21692.4453972535,0.287497167847221,8.7787810932e-06,3.2687252313432e-05,3.72343859203316,0,42.9903509324447,"M",1.3e-07
30,13,15,0,3,2,1.5,"M3","3p3/2",3383.6530424,1.4663469576,FALSE,162319.487179446,0,101.21804772,76363.1883008245,0.287497167847221,1.4751170519e-07,0.000111359993063698,754.923095223274,0,0.722375909073935,"M",1.3e-07
30,13,16,0,3,-3,2.5,"M3","3p3/2",3392.3892013,1.4576107987,FALSE,115336.211538432,0,143.41295155,81389.8656839301,0.287497167847221,2.0846511699e-07,0.00011838370475717,567.882562159543,0,1.02086934865196,"M",1.3e-07
30,13,17,0,4,-1,0.5,"M3","3p3/2",3965.7186216,0.8842813784,FALSE,73254.7179486993,0,15.298824296,17231.3377704802,0.287497167847221,1.9012695996e-08,2.14279997381646e-05,1127.03636257966,0,0.0931066015159042,"M",1.3e-07
30,13,18,0,4,1,0.5,"M3","3p3/2",3997.9610544,0.8520389456,FALSE,35056.3461538372,0,1296.1212641,8246.12746442727,0.287497167847221,1.5977083767e-06,1.01714383512244e-05,6.36626714834722,0,7.82409802372717,"M",1.3e-07
30,13,19,0,4,-2,1.5,"M4","3d3/2",4007.8448804,0.8421551196,FALSE,2206.33913043461,0,2318.4594314,1037.97204759892,0.287497167847221,2.8508555641e-06,1.27714867588202e-06,0.44798785738737,0,13.9608540020784,"M",1.3e-07
30,13,20,0,4,2,1.5,"M4","3d3/2",4046.9142149,0.8030857851,FALSE,1558.40543478249,0,47.161400652,733.151698130751,0.287497167847221,5.7429606357e-08,8.93346652687382e-07,15.5555071566061,0,0.281237099431947,"M",1.3e-07
30,13,21,0,4,-3,2.5,"M4","3d3/2",4049.100028,0.800899972,FALSE,971.645652173837,0,66.22012573,685.665915916198,0.287497167847221,8.0594185068e-08,8.35032346257823e-07,10.3609503037133,0,0.394675782708776,"M",1.3e-07
30,13,22,0,4,3,2.5,"M4","3d3/2",4074.9516977,0.7750483023,FALSE,453.706521739095,0,2.7558135674,320.169289173881,0.287497167847221,3.3326407108e-09,3.87432018062435e-07,116.253761411152,0,0.0163201920822495,"M",1.3e-07
30,13,23,0,4,-4,3.5,"M5","3d5/2",4075.795547,0.774204453,FALSE,2277.94782608678,0,3.5517611242,2143.32070419387,0.287497167847221,4.2942974952e-09,2.59306088272604e-06,603.838203017948,0,0.0210294976451761,"M",1.3e-07
30,13,24,0,5,-1,0.5,"M5","3d5/2",4302.3968093,0.5476031907,FALSE,1735.7101449274,0,7.0426592091,408.282341621168,0.287497167847221,8.0647545667e-09,4.67834439716626e-07,58.0097553927246,0,0.0394937093573305,"M",1.3e-07
30,13,25,0,5,1,0.5,"M5","3d5/2",4318.1397604,0.5318602396,FALSE,1285.98260869555,0,644.94532255,302.495201918796,0.287497167847221,7.3583893455e-07,3.45348194612946e-07,0.469325797260433,0,3.60345857701865,"M",1.3e-07
30,13,26,0,5,-2,1.5,"M5","3d5/2",4323.0027406,0.5269972594,FALSE,887.547826086889,0,1158.5016225,417.54679581099,0.287497167847221,1.3202793025e-06,4.76160078365512e-07,0.360651020934649,0,6.46550699245522,"M",1.3e-07
30,13,27,0,5,2,1.5,"M5","3d5/2",4341.9313432,0.5080686568,FALSE,541.321739130392,0,25.032351068,254.66476400856,0.287497167847221,2.8403174743e-08,2.89142036135508e-07,10.1799196305254,0,0.139092481841579,"M",1.3e-07
30,13,28,0,5,-3,2.5,"M5","3d5/2",4343.0555611,0.5069444389,FALSE,249.136231884038,0,35.146745509,175.809177183574,0.287497167847221,3.9869193459e-08,1.99558857125141e-07,5.00533970747013,0,0.195242437418059,"M",1.3e-07
30,13,29,0,5,3,2.5,"N1","4s",4355.4040012,0.4945959988,FALSE,120.535666666776,0,1.938578012,85.0589904876746,0.287497167847221,2.1927911456e-09,9.62745296889375e-08,43.9050157066347,0,0.0107382630766271,"N",1.3e-07
30,13,30,0,5,-4,3.5,"N1","4s",4355.8357831,0.4941642169,FALSE,55.5874166667173,0,2.4965286446,52.3021904496805,0.287497167847221,2.8236268581e-09,5.91926555716996e-08,20.9633420230072,0,0.0138275129819585,"N",1.3e-07
30,13,31,0,5,4,3.5,"N2","4p1/2",4360.3801119,0.4896198881,FALSE,18307.2600000167,0,0.083290058678,17225.2976761555,0.287497167847221,9.4104226544e-11,1.94742126406178e-05,206943.017926111,0,0.000460835471394374,"N",1.3e-07
30,13,32,0,5,-5,4.5,"N2","4p1/2",4360.5966212,0.4894033788,FALSE,8319.67500000757,0,0.10160649857,9784.97590872887,0.287497167847221,1.1479310194e-10,1.10619394585971e-05,96364.1479466162,0,0.000562150449433934,"N",1.3e-07
29,14,14,0,3,1,0,"M2","3p1/2",3318.2001571,1.5317998429,TRUE,46109.9999999907,0,769.13118383,10846.2226986267,0.287497167847221,1.1432504542e-06,1.61300095559608e-05,14.108902818891,0,5.59858341470721,"M",1.3e-07
29,14,15,0,3,-2,1,"M3","3p3/2",3337.054048,1.512945952,FALSE,162319.487179446,0,2071.0665656,57272.3912256184,0.287497167847221,3.0609487266e-06,8.46901256709506e-05,27.66793345311,0,14.9896960119764,"M",1.3e-07
29,14,16,0,3,-2,2,"M3","3p3/2",3341.758418,1.508241582,FALSE,115336.211538432,0,3450.6374539,67824.8880699418,0.287497167847221,5.0925188121e-06,0.000100152719069419,19.6666370345952,0,24.9384474379748,"M",1.3e-07
29,14,17,0,3,2,2,"M3","3p3/2",3443.4382069,1.4065617931,FALSE,73254.7179486993,0,60.153016488,43078.3444262005,0.287497167847221,8.6146510099e-08,6.17266004478197e-05,716.530482510356,0,0.421865935765284,"M",1.3e-07
29,14,18,0,3,-3,2,"M3","3p3/2",3457.7391377,1.3922608623,FALSE,35056.3461538372,0,57.159828236,20615.3186610682,0.287497167847221,8.1520205662e-08,2.94169348973165e-05,360.854522611061,0,0.399210575168468,"M",1.3e-07
29,14,19,0,3,2,1,"M4","3d3/2",3459.7754536,1.3902245464,FALSE,2206.33913043461,0,36.798880472,778.479035699189,0.287497167847221,5.2452650182e-08,1.11019109355977e-06,21.1655862898754,0,0.256864570914932,"M",1.3e-07
29,14,20,0,3,-3,3,"M4","3d3/2",3460.6696989,1.3893303011,FALSE,1558.40543478249,0,80.231649092,1283.01547172881,0.287497167847221,1.143247529e-07,1.82923749549556e-06,16.0003625557415,0,0.559856908978292,"M",1.3e-07
28,15,15,0,3,-2,1.5,"M3","3p3/2",3395.6768183,1.4543231817,TRUE,162319.487179446,0,5221.4424249,76363.1883008245,0.287497167847221,7.5823471882e-06,0.000110964376640259,14.6345681470439,0,37.1313241612604,"M",1.3e-07
28,15,16,0,3,2,1.5,"M3","3p3/2",3504.4617185,1.3455382815,FALSE,115336.211538432,0,92.216244625,54259.9104559534,0.287497167847221,1.2973766042e-07,7.63901847158352e-05,588.805012118587,0,0.635335075723715,"M",1.3e-07
28,15,17,0,3,-3,2.5,"M3","3p3/2",3524.9389323,1.3250610677,FALSE,73254.7179486993,0,133.00070404,51694.0133114406,0.287497167847221,1.8602605973e-07,7.23535408628966e-05,388.943038238359,0,0.910983598459621,"M",1.3e-07
28,15,18,0,4,-1,0.5,"M3","3p3/2",4048.795443,0.801204557,FALSE,35056.3461538372,0,15.550382969,8246.12746442727,0.287497167847221,1.8925963442e-08,1.00432339653634e-05,530.659059769485,0,0.0926818656791016,"M",1.3e-07
28,15,19,0,4,1,0.5,"M4","3d3/2",4079.6968657,0.7703031343,FALSE,2206.33913043461,0,1090.3474739,518.986023799459,0.287497167847221,1.3169330194e-06,6.27283785360541e-07,0.476321708180978,0,6.44911999256754,"M",1.3e-07
28,15,20,0,4,-2,1.5,"M4","3d3/2",4091.6276741,0.7583723259,FALSE,1558.40543478249,0,1985.5580042,733.151698130751,0.287497167847221,2.3911586238e-06,8.83545627950191e-07,0.36950523447335,0,11.7096835290641,"M",1.3e-07
28,15,21,0,4,2,1.5,"M4","3d3/2",4133.8097343,0.7161902657,FALSE,971.645652173837,0,41.843958439,457.110610610799,0.287497167847221,4.9875708767e-08,5.45235609761211e-07,10.9318869493833,0,0.244245095091687,"M",1.3e-07
28,15,22,0,4,-3,2.5,"M4","3d3/2",4136.3585915,0.7136414085,FALSE,453.706521739095,0,58.679512946,320.169289173881,0.287497167847221,6.9899494197e-08,3.81657503127772e-07,5.46008962600122,0,0.342303077571563,"M",1.3e-07
28,15,23,0,4,3,2.5,"M5","3d5/2",4167.7912362,0.6822087638,FALSE,2277.94782608678,0,2.2177841163,1607.4905281454,0.287497167847221,2.6218703006e-09,1.90169768824608e-06,725.321038119578,0,0.0128394959534253,"M",1.3e-07
28,15,24,0,4,-4,3.5,"M5","3d5/2",4170.5589673,0.6794410327,FALSE,1735.7101449274,0,2.803358895,1633.12936648467,0.287497167847221,3.3119300413e-09,1.93074164442492e-06,582.965708921516,0,0.0162187703768443,"M",1.3e-07
28,15,25,0,5,-1,0.5,"M5","3d5/2",4358.6265694,0.4913734306,FALSE,1285.98260869555,0,7.1560037709,302.495201918796,0.287497167847221,8.0879411287e-09,3.42126797759249e-07,42.3008516401306,0,0.0396072556944261,"M",1.3e-07
28,15,26,0,5,1,0.5,"M5","3d5/2",4373.9643489,0.4760356511,FALSE,887.547826086889,0,539.08754808,208.773397905495,0.287497167847221,6.0714608999e-07,2.35294456545197e-07,0.387541747240886,0,2.97324004310231,"M",1.3e-07
28,15,27,0,5,-2,1.5,"M5","3d5/2",4379.3654269,0.4706345731,FALSE,541.321739130392,0,978.92389446,254.66476400856,0.287497167847221,1.1011455627e-06,2.86660044024891e-07,0.260328928104658,0,5.39239259592036,"M",1.3e-07
28,15,28,0,5,2,1.5,"M5","3d5/2",4399.7186018,0.4502813982,FALSE,249.136231884038,0,21.898868243,117.206118122383,0.287497167847221,2.4518646056e-08,1.31318604868933e-07,5.35586690101094,0,0.120069652853323,"M",1.3e-07
28,15,29,0,5,-3,2.5,"N1","4s",4400.9334636,0.4490665364,FALSE,120.535666666776,0,30.709312383,85.0589904876746,0.287497167847221,3.4373557692e-08,9.52743042335038e-08,2.77173241964644,0,0.168329895948807,"N",1.3e-07
28,15,30,0,5,3,2.5,"N1","4s",4415.7567264,0.4342432736,FALSE,55.5874166667173,0,1.5417565641,39.2266428372604,0.287497167847221,1.7199012128e-09,4.37895109745584e-08,25.4604803163486,0,0.00842248552759587,"N",1.3e-07
28,15,31,0,5,-4,3.5,"N2","4p1/2",4416.8203503,0.4331796497,FALSE,18307.2600000167,0,1.9745101008,17225.2976761555,0.287497167847221,2.2021252285e-09,1.92243048138923e-05,8729.88718583782,0,0.0107839727822506,"N",1.3e-07
28,15,32,0,5,4,3.5,"N2","4p1/2",4423.3607554,0.4266392446,FALSE,8319.67500000757,0,0.053171889781,7827.9807269831,0.287497167847221,5.9213299657e-11,8.72344974209399e-06,147322.473036051,0,0.000289971979605944,"N",1.3e-07
28,15,33,0,5,-5,4.5,"N3","4p3/2",4423.7060147,0.4262939853,FALSE,35272.8000000321,0,0.063970416941,41485.2140538437,0.287497167847221,7.1233175147e-11,4.62272233168196e-05,648956.377718991,0,0.000348834213439255,"N",1.3e-07
27,16,16,0,3,-2,2,"M3","3p3/2",3463.6469456,1.3863530544,TRUE,115336.211538432,0,1537.4077153,67824.8880699418,0.287497167847221,2.1888276061e-06,9.66167799879274e-05,44.1408815014339,0,10.7188533257482,"M",1.3e-07
27,16,17,0,3,-2,0,"M3","3p3/2",3472.0582256,1.3779417744,FALSE,73254.7179486993,0,307.85197816,17231.3377704802,0.287497167847221,4.3725657356e-07,2.44864330103253e-05,56.0001484047793,0,2.14127831019997,"M",1.3e-07
27,16,18,0,3,2,1,"M3","3p3/2",3575.6811489,1.2743188511,FALSE,35056.3461538372,0,16.627496624,12369.1911966409,0.287497167847221,2.2934725852e-08,1.70660168009797e-05,744.112526616119,0,0.112313076547793,"M",1.3e-07
27,16,19,0,3,2,0,"M4","3d3/2",3578.608468,1.271391532,FALSE,2206.33913043461,0,5.5700103163,518.986023799459,0.287497167847221,7.6767470603e-09,7.15467463867437e-07,93.1993015072034,0,0.0375936074311668,"M",1.3e-07
27,16,20,0,3,2,2,"M4","3d3/2",3580.160007,1.269839993,FALSE,1558.40543478249,0,27.997372806,916.439622663439,0.287497167847221,3.8568224981e-08,1.26284246010695e-06,32.7430795876415,0,0.188871496984815,"M",1.3e-07
27,16,21,0,3,-3,4,"M4","3d3/2",3582.1201646,1.2678798354,FALSE,971.645652173837,0,47.24881228,1028.4988738743,0.287497167847221,6.50517892e-08,1.41648048222851e-06,21.7746583091448,0,0.318563501789291,"M",1.3e-07
27,16,22,0,3,2,3,"M4","3d3/2",3584.4369522,1.2655630478,FALSE,453.706521739095,0,39.274661488,373.530837369527,0.287497167847221,5.4038180888e-08,5.14104563912047e-07,9.5137281726338,0,0.264629033969821,"M",1.3e-07
27,16,23,0,3,-3,2,"M5","3d5/2",3594.6197464,1.2553802536,FALSE,2277.94782608678,0,26.647009451,1339.57544012117,0.287497167847221,3.6559859852e-08,1.83846706024358e-06,50.2864909134221,0,0.179036381975161,"M",1.3e-07
27,16,24,0,3,-3,3,"M5","3d5/2",3597.9943526,1.2520056474,FALSE,1735.7101449274,0,37.247888146,1428.98819567409,0.287497167847221,5.1055802577e-08,1.95933351489723e-06,38.3763140720833,0,0.250024103189338,"M",1.3e-07
27,16,25,0,3,-3,1,"M5","3d5/2",3604.0806169,1.2459193831,FALSE,1285.98260869555,0,16.100840457,453.742802878195,0.287497167847221,2.2032704533e-08,6.21087629116925e-07,28.189350435244,0,0.107895810341851,"M",1.3e-07
26,17,17,0,3,-2,1.5,"M3","3p3/2",3527.5266121,1.3224733879,TRUE,73254.7179486993,0,923.51116741,34462.6755409604,0.287497167847221,1.2908371316e-06,4.82001881494612e-05,37.3402553811857,0,6.32132646832934,"M",1.3e-07
26,17,18,0,3,2,1.5,"M3","3p3/2",3642.7247013,1.2072752987,FALSE,35056.3461538372,0,17.252108341,16492.2549288545,0.287497167847221,2.3355727843e-08,2.23344341053818e-05,956.272236751368,0,0.114374754945306,"M",1.3e-07
26,17,19,0,3,-3,3.5,"M4","3d3/2",3645.8247962,1.2041752038,FALSE,2206.33913043461,0,32.473900185,2075.94409519784,0.287497167847221,4.3925376707e-08,2.80892285289974e-06,63.9476098665332,0,0.215105871695158,"M",1.3e-07
26,17,20,0,3,2,2.5,"M4","3d3/2",3647.8720743,1.2021279257,FALSE,1558.40543478249,0,25.984951207,1099.72754719613,0.287497167847221,3.5128356615e-08,1.48718360558287e-06,42.3357010941935,0,0.172026203014527,"M",1.3e-07
26,17,21,0,3,2,3.5,"M4","3d3/2",3649.1795873,1.2008204127,FALSE,971.645652173837,0,34.66625111,914.221221221598,0.287497167847221,4.6847404494e-08,1.23587512984596e-06,26.3808666284649,0,0.229415261422941,"M",1.3e-07
26,17,22,0,3,-3,4.5,"M4","3d3/2",3649.3321691,1.2006678309,FALSE,453.706521739095,0,40.658103878,533.615481956468,0.287497167847221,5.4942563906e-08,7.21329166420712e-07,13.1287860474589,0,0.2690578655933,"M",1.3e-07
26,17,23,0,3,2,0.5,"M5","3d5/2",3650.5001186,1.1994998814,FALSE,2277.94782608678,0,8.6162218649,535.830176048466,0.287497167847221,1.1639634743e-08,7.24090373056274e-07,62.2090288092362,0,0.0570001663117727,"M",1.3e-07
26,17,24,0,3,-3,2.5,"M5","3d5/2",3661.0138421,1.1889861579,FALSE,1735.7101449274,0,24.466339659,1224.84702486351,0.287497167847221,3.2956269611e-08,1.65041819108243e-06,50.0790353569494,0,0.161389329675688,"M",1.3e-07
26,17,25,0,3,-3,0.5,"M5","3d5/2",3661.7299553,1.1882700447,FALSE,1285.98260869555,0,8.2112315933,302.495201918796,0.287497167847221,1.1058395872e-08,4.07516685628525e-07,36.8513381457398,0,0.0541537958675634,"M",1.3e-07
26,17,26,0,3,-3,2.5,"M5","3d5/2",3668.6249428,1.1813750572,FALSE,887.547826086889,0,24.939221778,626.320193716485,0.287497167847221,3.352330336e-08,8.42177042731462e-07,25.1221376869544,0,0.164166136569635,"M",1.3e-07
25,18,18,0,3,-2,0,"M3","3p3/2",3586.1385459,1.2638614541,TRUE,35056.3461538372,0,204.9083756,8246.12746442727,0.287497167847221,2.8175635137e-07,1.13440518504538e-05,40.2619206108221,0,1.37978203286377,"M",1.3e-07
25,18,19,0,3,2,0,"M4","3d3/2",3703.5914257,1.1464085743,FALSE,2206.33913043461,0,5.2087612504,518.986023799459,0.287497167847221,6.9357736105e-09,6.91238767905639e-07,99.6628215862148,0,0.0339650047469968,"M",1.3e-07
25,18,20,0,3,2,1,"M4","3d3/2",3711.5129858,1.1384870142,FALSE,1558.40543478249,0,15.690773698,549.863773598064,0.287497167847221,2.0847930652e-08,7.30796173992579e-07,35.0536552615821,0,0.102093883584703,"M",1.3e-07
25,18,21,0,3,-3,4,"M4","3d3/2",3712.1884008,1.1378115992,FALSE,971.645652173837,0,44.263447194,1028.4988738743,0.287497167847221,5.8799060482e-08,1.36667630974211e-06,23.2431657672573,0,0.287943419226758,"M",1.3e-07
25,18,22,0,3,2,3,"M4","3d3/2",3712.5966861,1.1374033139,FALSE,453.706521739095,0,36.651614888,373.530837369527,0.287497167847221,4.8682449805e-08,4.96295538539474e-07,10.1945473271664,0,0.238401616255041,"M",1.3e-07
25,18,23,0,3,-3,2,"M5","3d5/2",3712.9124646,1.1370875354,FALSE,2277.94782608678,0,24.576111966,1339.57544012117,0.287497167847221,3.2640842493e-08,1.77968858465559e-06,54.5233654749339,0,0.159844659367536,"M",1.3e-07
25,18,24,0,3,2,2,"M5","3d5/2",3713.8446814,1.1361553186,FALSE,1735.7101449274,0,26.102232605,1020.70585405292,0.287497167847221,3.4658981501e-08,1.35571381825723e-06,39.1158008557786,0,0.169727637797376,"M",1.3e-07
25,18,25,0,3,-3,3,"M5","3d5/2",3720.1055593,1.1298944407,FALSE,1285.98260869555,0,34.534586883,1058.73320671579,0.287497167847221,4.5777577187e-08,1.40384698898561e-06,30.6666948154757,0,0.224176236679441,"M",1.3e-07
25,18,26,0,3,-3,1,"M5","3d5/2",3734.9702356,1.1150297644,FALSE,887.547826086889,0,15.208026462,313.160096858242,0.287497167847221,2.0079147137e-08,4.13581861732592e-07,20.5975811079387,0,0.0983290929207086,"M",1.3e-07
24,19,19,0,3,2,1.5,"M4","3d3/2",3772.9475693,1.0770524307,TRUE,2206.33913043461,0,81.093291084,1037.97204759892,0.287497167847221,1.0594957688e-07,1.35697242033555e-06,12.8077191084253,0,0.518843042429132,"M",1.3e-07
24,19,20,0,3,-3,2.5,"M4","3d3/2",3778.9780964,1.0710219036,FALSE,1558.40543478249,0,114.54817417,1099.72754719613,0.287497167847221,1.4941916789e-07,1.43540451883748e-06,9.60656212390504,0,0.731716897303733,"M",1.3e-07
24,19,21,0,4,-1,0.5,"M4","3d3/2",4212.6813588,0.6373186412,FALSE,971.645652173837,0,14.829660975,228.555305305399,0.287497167847221,1.7345252039e-08,2.67493179500966e-07,15.4216945882089,0,0.0849410031132808,"M",1.3e-07
24,19,22,0,4,1,0.5,"M4","3d3/2",4245.7216847,0.6042783153,FALSE,453.706521739095,0,789.80492024,106.723096391294,0.287497167847221,9.1655855587e-07,1.23928996005826e-07,0.135211215052367,0,4.4884561476886,"M",1.3e-07
24,19,23,0,4,-2,1.5,"M5","3d5/2",4253.2253034,0.5967746966,FALSE,2277.94782608678,0,1400.4456916,1071.66035209693,0.287497167847221,1.6223212102e-06,1.24222891993773e-06,0.765710829721932,0,7.94462891957402,"M",1.3e-07
24,19,24,0,4,2,1.5,"M5","3d5/2",4303.2736696,0.5467263304,FALSE,1735.7101449274,0,32.111982932,816.564683242337,0.287497167847221,3.6765276943e-08,9.35477422876249e-07,25.4445906752339,0,0.180042324911413,"M",1.3e-07
24,19,25,0,4,-3,2.5,"M5","3d5/2",4304.775741,0.545224259,FALSE,1285.98260869555,0,45.78180162,907.485605756389,0.287497167847221,5.2397600106e-08,1.03927447776054e-06,19.8343908052677,0,0.256594986554533,"M",1.3e-07
24,19,26,0,4,3,2.5,"M5","3d5/2",4349.0853341,0.5009146659,FALSE,887.547826086889,0,1.2872095713,626.320193716485,0.287497167847221,1.4581485168e-09,7.09938594018103e-07,486.876738438214,0,0.00714066289879494,"M",1.3e-07
24,19,27,0,4,-4,3.5,"M5","3d5/2",4349.457419,0.500542581,FALSE,541.321739130392,0,1.6605953558,509.329528017119,0.287497167847221,1.8809576016e-09,5.77279206787666e-07,306.907080891464,0,0.00921119077048972,"M",1.3e-07
24,19,28,0,5,-1,0.5,"M5","3d5/2",4470.6539426,0.3793460574,FALSE,249.136231884038,0,6.6377975256,58.6030590611913,0.287497167847221,7.3139492256e-09,6.46130290185633e-08,8.83421897330204,0,0.0358169591623809,"M",1.3e-07
24,19,29,0,5,1,0.5,"N1","4s",4486.5509577,0.3634490423,FALSE,120.535666666776,0,372.47899566,28.3529968292249,0.287497167847221,4.0895963762e-07,3.11494589562324e-08,0.0761675629837487,0,2.00270608776287,"N",1.3e-07
24,19,30,0,5,-2,1.5,"N1","4s",4490.163237,0.359836763,FALSE,55.5874166667173,0,663.92389972,26.1510952248403,0.287497167847221,7.2835988546e-07,2.87071690865773e-08,0.0394134406076566,0,3.56683311140941,"N",1.3e-07
24,19,31,0,5,2,1.5,"N2","4p1/2",4513.4365039,0.3365634961,FALSE,18307.2600000167,0,16.330865291,8612.64883807773,0.287497167847221,1.7823080361e-08,9.40550616961302e-06,527.714961673735,0,0.0872809643254533,"N",1.3e-07
24,19,32,0,5,-3,2.5,"N2","4p1/2",4514.210374,0.335789626,FALSE,8319.67500000757,0,23.293712258,5870.98554523732,0.287497167847221,2.5417772618e-08,6.41034876791147e-06,252.199469412669,0,0.124472743216632,"N",1.3e-07
24,19,33,0,5,3,2.5,"N3","4p3/2",4534.0287753,0.3159712247,FALSE,35272.8000000321,0,0.90410923868,24891.1284323062,0.287497167847221,9.8222001019e-10,2.70585407752734e-05,27548.3501604078,0,0.00481000522540032,"N",1.3e-07
24,19,34,0,5,-4,3.5,"N3","4p3/2",4534.2792142,0.3157207858,FALSE,23305.0400000212,0,1.1650713167,21927.707988782,0.287497167847221,1.2656577611e-09,2.38357560404859e-05,18832.7024675058,0,0.00619802119820573,"N",1.3e-07
24,19,35,0,5,4,3.5,"N3","4p3/2",4543.7655707,0.3062344293,FALSE,13594.1333333457,0,0.018018277402,12790.7176342071,0.287497167847221,1.9532836081e-11,1.38745509077918e-05,710319.323331027,0,9.565376661215e-05,"N",1.3e-07
24,19,36,0,5,-5,4.5,"N3","4p3/2",4543.8712253,0.3061287747,FALSE,5946.86533333877,0,0.022022862441,6994.25566733337,0.287497167847221,2.3873476134e-11,7.58674318925235e-06,317789.631751511,0,0.000116910207246538,"N",1.3e-07
23,20,20,0,3,-3,3,"M4","3d3/2",3833.7111954,1.0162888046,TRUE,1558.40543478249,0,32.174406358,1283.01547172881,0.287497167847221,4.1381047811e-08,1.65064207273965e-06,39.8888418746341,0,0.202646101829006,"M",1.3e-07
23,20,21,0,3,2,2,"M4","3d3/2",3835.2337172,1.0147662828,FALSE,971.645652173837,0,24.411486882,571.388263263499,0.287497167847221,3.1377329052e-08,7.34817086447119e-07,23.4187264706102,0,0.153657139066053,"M",1.3e-07
23,20,22,0,3,-3,4,"M4","3d3/2",3837.3530596,1.0126469404,FALSE,453.706521739095,0,41.538074188,480.253933760821,0.287497167847221,5.3372987778e-08,6.17274079613299e-07,11.5652899586733,0,0.261371533306216,"M",1.3e-07
23,20,23,0,3,-3,2,"M5","3d5/2",3839.1605094,1.0108394906,FALSE,2277.94782608678,0,22.897760392,1339.57544012117,0.287497167847221,2.9408174405e-08,1.7209530020786e-06,58.5195455650591,0,0.144014040734286,"M",1.3e-07
23,20,24,0,3,-3,1,"M5","3d5/2",3840.6108068,1.0093891932,FALSE,1735.7101449274,0,13.731468637,612.423512431753,0.287497167847221,1.7629302427e-08,7.8648246778334e-07,44.612228478128,0,0.0863320192159692,"M",1.3e-07
23,20,25,0,3,2,0,"M5","3d5/2",3843.9859478,1.0060140522,FALSE,1285.98260869555,0,4.8593513321,302.495201918796,0.287497167847221,6.2320576973e-09,3.88126020793793e-07,62.2789517757427,0,0.0305188550202828,"M",1.3e-07
22,21,21,0,3,-3,2.5,"M4","3d3/2",3895.5398184,0.9544601816,TRUE,971.645652173837,0,21.30539718,685.665915916198,0.287497167847221,2.6965014269e-08,8.68078803167857e-07,32.192781153683,0,0.132049701890918,"M",1.3e-07
22,21,22,0,3,2,1.5,"M4","3d3/2",3897.0169633,0.9529830367,FALSE,453.706521739095,0,15.042714529,213.446192782587,0.287497167847221,1.9026319257e-08,2.7012807852157e-07,14.1976004329995,0,0.0931733156491098,"M",1.3e-07
22,21,23,0,3,-3,3.5,"M5","3d5/2",3897.9638634,0.9520361366,FALSE,2277.94782608678,0,28.481154324,2143.32070419387,0.287497167847221,3.6024451388e-08,2.71183063550734e-06,75.2774998930495,0,0.176414446479197,"M",1.3e-07
22,21,24,0,3,-3,4.5,"M5","3d5/2",3899.679012,0.950320988,FALSE,1735.7101449274,0,35.628362297,2041.41170810584,0.287497167847221,4.5044722195e-08,2.58175024072963e-06,57.3152661382427,0,0.220587390693399,"M",1.3e-07
22,21,25,0,3,-3,1.5,"M5","3d5/2",3900.9598604,0.9490401396,FALSE,1285.98260869555,0,14.099297121,604.990403837593,0.287497167847221,1.7819782081e-08,7.64872326810842e-07,42.9226532251689,0,0.0872648124003548,"M",1.3e-07
22,21,26,0,3,-3,0.5,"M5","3d5/2",3901.8901595,0.9481098405,FALSE,887.547826086889,0,7.0609613317,208.773397905495,0.287497167847221,8.9220525256e-09,2.63883156396392e-07,29.5765078314921,0,0.043691961906916,"M",1.3e-07
21,22,22,0,3,-3,1,"M4","3d3/2",3958.9218044,0.8910781956,TRUE,453.706521739095,0,12.876209897,160.08464458694,0.287497167847221,1.6035525417e-08,1.99416074338814e-07,12.4358927539352,0,0.0785271733905008,"M",1.3e-07
21,22,23,0,3,-3,4,"M5","3d5/2",3963.8120103,0.8861879897,FALSE,2277.94782608678,0,38.731858707,2411.2357922181,0.287497167847221,4.8174093528e-08,2.99993588345542e-06,62.272803985648,0,0.235912157352384,"M",1.3e-07
21,22,24,0,3,2,0,"M5","3d5/2",3964.5841462,0.8854158538,FALSE,1735.7101449274,0,4.5257270586,408.282341621168,0.287497167847221,5.6271267626e-09,5.0786463337593e-07,90.2529221042948,0,0.0275564627591534,"M",1.3e-07
21,22,25,0,3,-3,3,"M5","3d5/2",3970.4135932,0.8795864068,FALSE,1285.98260869555,0,29.991256688,1058.73320671579,0.287497167847221,3.7240547742e-08,1.31502294893032e-06,35.3115898842496,0,0.182369761741201,"M",1.3e-07
21,22,26,0,3,-3,5,"M5","3d5/2",3970.7924215,0.8792075785,FALSE,887.547826086889,0,47.15457495,1148.25368848022,0.287497167847221,5.8546493152e-08,1.42607724671297e-06,24.3580301728841,0,0.286706578025742,"M",1.3e-07
20,23,23,0,3,-3,2.5,"M5","3d5/2",4014.8655151,0.8351344849,TRUE,2277.94782608678,0,100.00470859,1607.4905281454,0.287497167847221,1.2279565245e-07,1.97442732271582e-06,16.0789676452086,0,0.601339540849597,"M",1.3e-07
20,23,24,0,3,-3,2.5,"M5","3d5/2",4017.7541721,0.8322458279,FALSE,1735.7101449274,0,99.984950686,1224.84702486351,0.287497167847221,1.2265299092e-07,1.50335311017605e-06,12.2569624996476,0,0.600640916613026,"M",1.3e-07
20,23,25,0,4,-1,0.5,"M5","3d5/2",4352.8154665,0.4971845335,FALSE,1285.98260869555,0,9.7551199491,302.495201918796,0.287497167847221,1.1041971675e-08,3.42585483905791e-07,31.0257528265024,0,0.0540733653402137,"M",1.3e-07
20,23,26,0,4,1,0.5,"M5","3d5/2",4384.6872725,0.4653127275,FALSE,887.547826086889,0,411.56522544,208.773397905495,0.287497167847221,4.6245457105e-07,2.34716582871865e-07,0.507545167818197,0,2.26467479809383,"M",1.3e-07
20,23,27,0,4,-2,1.5,"M5","3d5/2",4391.8536558,0.4581463442,FALSE,541.321739130392,0,705.46711904,254.66476400856,0.287497167847221,7.9139732397e-07,2.85841449110954e-07,0.361185766559136,0,3.87553218644688,"M",1.3e-07
20,23,28,0,4,2,1.5,"M5","3d5/2",4441.1871988,0.4088128012,FALSE,249.136231884038,0,17.9271482,117.206118122383,0.287497167847221,1.9886528867e-08,1.30087191407483e-07,6.54147298794571,0,0.0973858267730067,"M",1.3e-07
20,23,29,0,4,-3,2.5,"N1","4s",4445.7727938,0.4042272062,FALSE,120.535666666776,0,33.921831271,85.0589904876746,0.287497167847221,3.7590401848e-08,9.43092637864264e-08,2.50886553880892,0,0.184083023597536,"N",1.3e-07
20,23,30,0,4,3,2.5,"N1","4s",4492.0039491,0.3579960509,FALSE,55.5874166667173,0,0.66184533835,39.2266428372604,0.287497167847221,7.2584191431e-10,4.30430312213535e-08,59.3008344830445,0,0.00355450241740678,"N",1.3e-07
20,23,31,0,4,-4,3.5,"N2","4p1/2",4495.9702575,0.3540297425,FALSE,18307.2600000167,0,0.74061356023,17225.2976761555,0.287497167847221,8.1150689031e-10,1.88844119058035e-05,23270.7967502155,0,0.00397401024449135,"N",1.3e-07
20,23,32,0,5,-1,0.5,"N2","4p1/2",4559.0395628,0.2909604372,FALSE,8319.67500000757,0,4.7564198404,1956.99518174577,0.287497167847221,5.1393026072e-09,2.11567948007675e-06,411.666648527905,0,0.0251675511994137,"N",1.3e-07
20,23,33,0,5,1,0.5,"N3","4p3/2",4574.2921536,0.2757078464,FALSE,35272.8000000321,0,210.84807374,8297.04281076873,0.287497167847221,2.270575454e-07,8.93977232481019e-06,39.3722759094452,0,1.11191786820684,"N",1.3e-07
20,23,34,0,5,-2,1.5,"N3","4p3/2",4577.1560204,0.2728439796,FALSE,23305.0400000212,0,371.53271379,10963.853994391,0.287497167847221,3.9984371725e-07,1.18057434689215e-05,29.525894642331,0,1.95806474044848,"N",1.3e-07
20,23,35,0,5,2,1.5,"N3","4p3/2",4599.7448777,0.2502551223,FALSE,13594.1333333457,0,11.543584469,6395.35881710354,0.287497167847221,1.2364755329e-08,6.8524745527909e-06,554.194108210072,0,0.0605511363302217,"N",1.3e-07
20,23,36,0,5,-3,2.5,"N3","4p3/2",4601.4843979,0.2485156021,FALSE,5946.86533333877,0,16.837326336,4196.55340040002,0.287497167847221,1.8028227085e-08,4.49479950214894e-06,249.320106794569,0,0.0882855832541828,"N",1.3e-07
20,23,37,0,5,3,2.5,"N4","4d3/2",4622.2132206,0.2277867794,FALSE,29.9,0,0.46572622799,21.0996785093692,0.287497167847221,4.9630807496e-10,2.24974149510744e-08,45.3295364031456,0,0.00243045795157867,"N",1.3e-07
20,23,38,0,5,-4,3.5,"N4","4d3/2",4624.025477,0.225974523,FALSE,22.425,0,0.54746647692,21.0996785093692,0.287497167847221,5.8318610386e-10,2.24885580297503e-08,38.5615464444416,0,0.00285590618990223,"N",1.3e-07
20,23,39,0,5,4,3.5,"N4","4d3/2",4631.7396273,0.2182603727,FALSE,14.95,0,0.0046250110021,14.0664523395795,0.287497167847221,4.9185284285e-12,1.49672898097159e-08,3043.04224877286,0,2.40864034502704e-05,"N",1.3e-07
20,23,40,0,5,-5,4.5,"N4","4d3/2",4631.8862798,0.2181137202,FALSE,7.475,0,0.0053703547856,8.79153271223717,0.287497167847221,5.7109923882e-12,9.35425861563261e-09,1637.93925464868,0,2.79671590320683e-05,"N",1.3e-07
19,24,24,0,3,-3,4,"M5","3d5/2",4090.0887692,0.7599112308,TRUE,1735.7101449274,0,24.166693199,1837.27053729526,0.287497167847221,2.9120938773e-08,2.21499256542847e-06,76.0618530430803,0,0.142607426252289,"M",1.3e-07
19,24,25,0,3,-3,2,"M5","3d5/2",4093.5821053,0.7564178947,FALSE,1285.98260869555,0,13.397822014,756.238004796991,0.287497167847221,1.6131060984e-08,9.1093085174933e-07,56.4706098782256,0,0.078995018243705,"M",1.3e-07
19,24,26,0,3,-3,0,"M5","3d5/2",4110.3369996,0.7396630004,FALSE,887.547826086889,0,2.6552055841,208.773397905495,0.287497167847221,3.1839497022e-09,2.50450011604807e-07,78.6601658411108,0,0.0155920410357261,"M",1.3e-07
18,25,25,0,3,-3,4.5,"M5","3d5/2",4147.4470328,0.7025529672,TRUE,1285.98260869555,0,17.357013807,1512.47600959398,0.287497167847221,2.0624493563e-08,1.79810591091292e-06,87.1830333879662,0,0.100999695363644,"M",1.3e-07
18,25,26,0,3,-3,1.5,"M5","3d5/2",4153.075619,0.696924381,FALSE,887.547826086889,0,6.9229790638,417.54679581099,0.287497167847221,8.2150436858e-09,4.95724698050275e-07,60.3435254893596,0,0.0402296864711056,"M",1.3e-07
18,25,27,0,3,-3,2.5,"M5","3d5/2",4155.6372538,0.6943627462,FALSE,541.321739130392,0,10.391806438,381.997146012839,0.287497167847221,1.2323640166e-08,4.53238343538931e-07,36.7779598749874,0,0.0603497922862992,"M",1.3e-07
17,26,26,0,3,-3,4,"M5","3d5/2",4204.5790683,0.6454209317,TRUE,887.547826086889,0,13.662481786,939.480290574727,0.287497167847221,1.6013806364e-08,1.10166257272012e-06,68.7945481342102,0,0.0784208135552939,"M",1.3e-07
17,26,27,0,3,-3,2,"M5","3d5/2",4207.9343311,0.6420656689,FALSE,541.321739130392,0,7.5839937342,318.330955010699,0.287497167847221,8.8823209309e-09,3.72985496318132e-07,41.9918959492425,0,0.0434973933009643,"M",1.3e-07
17,26,28,0,3,-3,0,"M5","3d5/2",4213.2954357,0.6367045643,FALSE,249.136231884038,0,1.5152075481,58.6030590611913,0.287497167847221,1.7724070566e-09,6.85769445313055e-08,38.691419262828,0,0.00867961059165682,"M",1.3e-07
16,27,27,0,3,-3,2.5,"M5","3d5/2",4259.0107211,0.5909892789,TRUE,541.321739130392,0,9.8603754007,381.997146012839,0.287497167847221,1.1408885836e-08,4.42192933431895e-07,38.758643025122,0,0.0558701715683234,"M",1.3e-07
15,28,28,0,3,-3,0,"M5","3d5/2",4308.1096713,0.5418903287,TRUE,249.136231884038,0,2.4106563512,58.6030590611913,0.287497167847221,2.7576086496e-09,6.7061486220842e-08,24.3187104270831,0,0.0135042168522094,"M",1.3e-07
14,29,29,0,4,-1,0.5,"N1","4s",4548.8054452,0.3011945548,TRUE,120.535666666776,0,55.305338779,28.3529968292249,0.287497167847221,5.9899108265e-08,3.07212876492866e-08,0.512883889913225,0,0.293330435912965,"N",1.3e-07
14,29,30,0,4,1,0.5,"N1","4s",4578.1104687,0.2718895313,FALSE,55.5874166667173,0,50.557327515,13.0755476124201,0.287497167847221,5.4404654173e-08,1.40766408383501e-08,0.258739643736879,0,0.266423681195017,"N",1.3e-07
14,29,31,0,4,-2,1.5,"N2","4p1/2",4582.2027164,0.2677972836,FALSE,18307.2600000167,0,106.90625801,8612.64883807773,0.287497167847221,1.1493846737e-07,9.26373497671996e-06,80.5973421143588,0,0.562862314872062,"N",1.3e-07
14,29,32,0,4,2,1.5,"N2","4p1/2",4629.1710595,0.2208289405,FALSE,8319.67500000757,0,62.104815552,3913.99036349155,0.287497167847221,6.6090464777e-08,4.16696963407695e-06,63.0494829796853,0,0.323649974169242,"N",1.3e-07
14,29,33,0,4,-3,2.5,"N3","4p3/2",4629.7905461,0.2202094539,FALSE,35272.8000000321,0,90.688481074,24891.1284323062,0.287497167847221,9.6495547527e-08,2.64963952021398e-05,274.58671287114,0,0.472545950008645,"N",1.3e-07
14,29,34,0,4,-4,3.5,"N3","4p3/2",4676.6708738,0.1733291262,FALSE,23305.0400000212,0,126.35355176,21927.707988782,0.287497167847221,1.3309070893e-07,2.31068185400633e-05,173.617067080291,0,0.651755206332743,"N",1.3e-07
14,29,35,0,4,3,2.5,"N3","4p3/2",4676.6788102,0.1733211898,FALSE,13594.1333333457,0,105.69894689,9593.03822565531,0.287497167847221,1.1133461032e-07,1.01088638976663e-05,90.7971372838262,0,0.54521395598886,"N",1.3e-07
14,29,36,0,5,-1,0.5,"N3","4p3/2",4684.4361227,0.1655638773,FALSE,5946.86533333877,0,55.184163347,1398.85113346667,0.287497167847221,5.8029785281e-08,1.47161638676994e-06,25.3596731341305,0,0.28417622073946,"N",1.3e-07
14,29,37,0,5,1,0.5,"N4","4d3/2",4696.5764912,0.1534235088,FALSE,29.9,0,50.39276698,7.03322616978974,0.287497167847221,5.2853713819e-08,7.37986616556973e-09,0.139628147812705,0,0.258828609694101,"N",1.3e-07
14,29,38,0,5,-2,1.5,"N4","4d3/2",4697.8102905,0.1521897095,FALSE,22.425,0,106.54231972,10.5498392546846,0.287497167847221,1.1171586554e-07,1.10668786576118e-08,0.0990627302945553,0,0.547080991460939,"N",1.3e-07
14,29,39,0,5,-3,2.5,"N4","4d3/2",4718.3273632,0.1316726368,FALSE,14.95,0,90.765968249,10.5498392546846,0.287497167847221,9.4757816296e-08,1.10185355159136e-08,0.116281019831593,0,0.464036149541605,"N",1.3e-07
14,29,40,0,5,2,1.5,"N4","4d3/2",4718.3406765,0.1316593235,FALSE,7.475,0,62.081182547,3.51661308489487,0.287497167847221,6.481122905e-08,3.67283476102796e-09,0.0566697286082088,0,0.31738546065134,"N",1.3e-07
14,29,41,0,5,3,2.5,"N5","4d5/2",4739.0575843,0.1109424157,FALSE,0,0,105.54530301,0,0,1.0970280028e-07,0,0,0,0.53722285955646,"N",1.3e-07
14,29,42,0,5,-4,3.5,"N5","4d5/2",4739.06961,0.11093039,FALSE,0,0,125.95097684,0,0,1.3091193643e-07,0,0,0,0.64108559361743,"N",1.3e-07
14,29,43,0,5,4,3.5,"N5","4d5/2",4743.4442897,0.1065557103,FALSE,0,0,83.90366744,0,0,8.7127672045e-08,0,0,0,0.426670759570809,"N",1.3e-07
14,29,44,0,5,-5,4.5,"N5","4d5/2",4743.4776824,0.1065223176,FALSE,0,0,99.160490502,0,0,1.0297001222e-07,0,0,0,0.504251890309104,"N",1.3e-07
