"Z","ne_cm3","Te_eV","q","frac"
7,1e+12,0.5,0,1
7,1e+12,0.5,1,6.5252e-09
7,1e+12,0.5,2,1.0185e-30
7,1e+12,0.5,3,0
7,1e+12,0.5,4,0
7,1e+12,0.5,5,0
7,1e+12,0.5,6,0
7,1e+12,0.5,7,0
7,1e+12,1,0,0.95023
7,1e+12,1,1,0.049766
7,1e+12,1,2,1.077e-10
7,1e+12,1,3,3.8554e-28
7,1e+12,1,4,0
7,1e+12,1,5,0
7,1e+12,1,6,0
7,1e+12,1,7,0
7,1e+12,1.5,0,0.067857
7,1e+12,1.5,1,0.93208
7,1e+12,1.5,2,5.8458e-05
7,1e+12,1.5,3,2.4282e-15
7,1e+12,1.5,4,9.0943e-37
7,1e+12,1.5,5,0
7,1e+12,1.5,6,0
7,1e+12,1.5,7,0
7,1e+12,2,0,0.0041645
7,1e+12,2,1,0.98449
7,1e+12,2,2,0.011346
7,1e+12,2,3,1.7558e-09
7,1e+12,2,4,3.8673e-25
7,1e+12,2,5,1.12104e-44
7,1e+12,2,6,0
7,1e+12,2,7,0
7,1e+12,5,0,1.6535e-06
7,1e+12,5,1,0.014988
7,1e+12,5,2,0.65937
7,1e+12,5,3,0.32563
7,1e+12,5,4,3.9731e-06
7,1e+12,5,5,1.9121e-12
7,1e+12,5,6,0
7,1e+12,5,7,0
7,1e+12,7,0,9.6682e-08
7,1e+12,7,1,0.0014057
7,1e+12,7,2,0.15897
7,1e+12,7,3,0.8382
7,1e+12,7,4,0.0014292
7,1e+12,7,5,2.7043e-07
7,1e+12,7,6,2.3636e-40
7,1e+12,7,7,0
7,1e+12,10,0,8.2207e-09
7,1e+12,10,1,0.00019229
7,1e+12,10,2,0.047015
7,1e+12,10,3,0.89717
7,1e+12,10,4,0.054593
7,1e+12,10,5,0.00103
7,1e+12,10,6,2.2085e-26
7,1e+12,10,7,0
7,1e+12,15,0,3.3332e-10
7,1e+12,15,1,1.577e-05
7,1e+12,15,2,0.0083873
7,1e+12,15,3,0.41171
7,1e+12,15,4,0.32465
7,1e+12,15,5,0.25524
7,1e+12,15,6,7.4361e-16
7,1e+12,15,7,1.1312e-34
7,1e+12,23,0,4.9704e-13
7,1e+12,23,1,1.1792e-07
7,1e+12,23,2,0.00013484
7,1e+12,23,3,0.01527
7,1e+12,23,4,0.073082
7,1e+12,23,5,0.91151
7,1e+12,23,6,1.3833e-09
7,1e+12,23,7,1.7997e-21
7,1e+12,32,0,5.1775e-15
7,1e+12,32,1,2.7857e-09
7,1e+12,32,2,5.5817e-06
7,1e+12,32,3,0.0011545
7,1e+12,32,4,0.016257
7,1e+12,32,5,0.98258
7,1e+12,32,6,1.7113e-06
7,1e+12,32,7,1.142e-14
7,1e+12,52,0,1.8911e-17
7,1e+12,52,1,2.7027e-11
7,1e+12,52,2,1.1957e-07
7,1e+12,52,3,5.7269e-05
7,1e+12,52,4,0.0029742
7,1e+12,52,5,0.99486
7,1e+12,52,6,0.0021034
7,1e+12,52,7,7.5202e-08
7,1e+12,74,0,5.9166e-19
7,1e+12,74,1,1.5432e-12
7,1e+12,74,2,1.1773e-08
7,1e+12,74,3,1.0108e-05
7,1e+12,74,4,0.0011777
7,1e+12,74,5,0.93312
7,1e+12,74,6,0.065531
7,1e+12,74,7,0.00016034
7,1e+12,100,0,3.0383e-20
7,1e+12,100,1,1.2567e-13
7,1e+12,100,2,1.5169e-09
7,1e+12,100,3,2.1004e-06
7,1e+12,100,4,0.0004544
7,1e+12,100,5,0.59766
7,1e+12,100,6,0.38782
7,1e+12,100,7,0.014063
7,1e+12,165,0,7.2126e-23
7,1e+12,165,1,5.9454e-16
7,1e+12,165,2,1.461e-11
7,1e+12,165,3,4.3813e-08
7,1e+12,165,4,2.377e-05
7,1e+12,165,5,0.056255
7,1e+12,165,6,0.49702
7,1e+12,165,7,0.4467
7,1e+12,235,0,6.2163e-25
7,1e+12,235,1,8.0461e-18
7,1e+12,235,2,3.2692e-13
7,1e+12,235,3,1.6487e-09
7,1e+12,235,4,1.6072e-06
7,1e+12,235,5,0.0055393
7,1e+12,235,6,0.18063
7,1e+12,235,7,0.81383
7,1e+12,310,0,1.8077e-26
7,1e+12,310,1,3.2911e-19
7,1e+12,310,2,1.8922e-14
7,1e+12,310,3,1.4255e-10
7,1e+12,310,4,2.1393e-07
7,1e+12,310,5,0.0010079
7,1e+12,310,6,0.075176
7,1e+12,310,7,0.92382
7,1e+12,390,0,1.1336e-27
7,1e+12,390,1,2.7265e-20
7,1e+12,390,2,2.1146e-15
7,1e+12,390,3,2.1939e-11
7,1e+12,390,4,4.6545e-08
7,1e+12,390,5,0.00028675
7,1e+12,390,6,0.038768
7,1e+12,390,7,0.96095
7,1e+12,475,0,1.1986e-28
7,1e+12,475,1,3.6531e-21
7,1e+12,475,2,3.6527e-16
7,1e+12,475,3,4.8739e-12
7,1e+12,475,4,1.3701e-08
7,1e+12,475,5,0.00010869
7,1e+12,475,6,0.023225
7,1e+12,475,7,0.97667
7,1e+12,655,0,3.5881e-30
7,1e+12,655,1,1.6035e-22
7,1e+12,655,2,2.4141e-17
7,1e+12,655,3,4.9676e-13
7,1e+12,655,4,2.2315e-09
7,1e+12,655,5,2.6814e-05
7,1e+12,655,6,0.011176
7,1e+12,655,7,0.9888
7,1e+12,845,0,2.6616e-31
7,1e+12,845,1,1.6069e-23
7,1e+12,845,2,3.3347e-18
7,1e+12,845,3,9.6256e-14
7,1e+12,845,4,6.0354e-10
7,1e+12,845,5,1.0011e-05
7,1e+12,845,6,0.0067372
7,1e+12,845,7,0.99325
7,1e+12,1000,0,5.0459e-32
7,1e+12,1000,1,3.7124e-24
7,1e+12,1000,2,9.511e-19
7,1e+12,1000,3,3.4264e-14
7,1e+12,1000,4,2.6919e-10
7,1e+12,1000,5,5.5085e-06
7,1e+12,1000,6,0.004955
7,1e+12,1000,7,0.99504
7,1e+12,1441,0,1.5051e-33
7,1e+12,1441,1,1.6941e-25
7,1e+12,1441,2,6.831e-20
7,1e+12,1441,3,3.9569e-15
7,1e+12,1441,4,5.0698e-11
7,1e+12,1441,5,1.6753e-06
7,1e+12,1441,6,0.0027244
7,1e+12,1441,7,0.99727
7,1e+12,1925,0,1.0251e-34
7,1e+12,1925,1,1.61e-26
7,1e+12,1925,2,9.2703e-21
7,1e+12,1925,3,7.7855e-16
7,1e+12,1925,4,1.4611e-11
7,1e+12,1925,5,7.0336e-07
7,1e+12,1925,6,0.0017717
7,1e+12,1925,7,0.99823
7,1e+12,2454,0,1.144e-35
7,1e+12,2454,1,2.3683e-27
7,1e+12,2454,2,1.8342e-21
7,1e+12,2454,3,2.0964e-16
7,1e+12,2454,4,5.4023e-12
7,1e+12,2454,5,3.5511e-07
7,1e+12,2454,6,0.0012641
7,1e+12,2454,7,0.99874
7,1e+12,3030,0,1.7991e-36
7,1e+12,3030,1,4.7232e-28
7,1e+12,3030,2,4.7263e-22
7,1e+12,3030,3,7.046e-17
7,1e+12,3030,4,2.3842e-12
7,1e+12,3030,5,2.0329e-07
7,1e+12,3030,6,0.00095297
7,1e+12,3030,7,0.99905
7,1e+12,3655,0,3.4971e-37
7,1e+12,3655,1,1.132e-28
7,1e+12,3655,2,1.4205e-22
7,1e+12,3655,3,2.677e-17
7,1e+12,3655,4,1.1534e-12
7,1e+12,3655,5,1.2494e-07
7,1e+12,3655,6,0.00076132
7,1e+12,3655,7,0.99924
7,1e+12,4331,0,8.0369e-38
7,1e+12,4331,1,3.1394e-29
7,1e+12,4331,2,4.83e-23
7,1e+12,4331,3,1.1231e-17
7,1e+12,4331,4,6.0042e-13
7,1e+12,4331,5,8.0413e-08
7,1e+12,4331,6,0.00060801
7,1e+12,4331,7,0.99939
7,1e+12,5060,0,2.1967e-38
7,1e+12,5060,1,1.0181e-29
7,1e+12,5060,2,1.887e-23
7,1e+12,5060,3,5.3156e-18
7,1e+12,5060,4,3.4565e-13
7,1e+12,5060,5,5.5668e-08
7,1e+12,5060,6,0.00050292
7,1e+12,5060,7,0.9995
7,1e+12,5844,0,6.2638e-39
7,1e+12,5844,1,3.4293e-30
7,1e+12,5844,2,7.7066e-24
7,1e+12,5844,3,2.6411e-18
7,1e+12,5844,4,2.0873e-13
7,1e+12,5844,5,4.0337e-08
7,1e+12,5844,6,0.00043147
7,1e+12,5844,7,0.99957
7,1e+12,6685,0,2.0466e-39
7,1e+12,6685,1,1.2978e-30
7,1e+12,6685,2,3.4319e-24
7,1e+12,6685,3,1.3905e-18
7,1e+12,6685,4,1.3047e-13
7,1e+12,6685,5,2.9722e-08
7,1e+12,6685,6,0.00037773
7,1e+12,6685,7,0.99962
7,1e+12,7585,0,6.95429e-40
7,1e+12,7585,1,5.0589e-31
7,1e+12,7585,2,1.5584e-24
7,1e+12,7585,3,7.3872e-19
7,1e+12,7585,4,8.1406e-14
7,1e+12,7585,5,2.1647e-08
7,1e+12,7585,6,0.00032228
7,1e+12,7585,7,0.99968
7,1e+12,8546,0,2.5303e-40
7,1e+12,8546,1,2.0942e-31
7,1e+12,8546,2,7.4507e-25
7,1e+12,8546,3,4.095e-19
7,1e+12,8546,4,5.2512e-14
7,1e+12,8546,5,1.6162e-08
7,1e+12,8546,6,0.00027854
7,1e+12,8546,7,0.99972
7,1e+12,10000,0,6.76042e-41
7,1e+12,10000,1,6.6262e-32
7,1e+12,10000,2,2.8496e-25
7,1e+12,10000,3,1.9026e-19
7,1e+12,10000,4,2.9776e-14
7,1e+12,10000,5,1.1112e-08
7,1e+12,10000,6,0.00023119
7,1e+12,10000,7,0.99977
7,1e+12,20000,0,2.28412e-43
7,1e+12,20000,1,4.6716e-34
7,1e+12,20000,2,4.6422e-27
7,1e+12,20000,3,7.3018e-21
7,1e+12,20000,4,2.7446e-15
7,1e+12,20000,5,2.3934e-09
7,1e+12,20000,6,0.00010868
7,1e+12,20000,7,0.99989
7,1e+12,50000,0,0
7,1e+12,50000,1,5.6148e-37
7,1e+12,50000,2,1.7206e-29
7,1e+12,50000,3,8.5265e-23
7,1e+12,50000,4,1.0321e-16
7,1e+12,50000,5,2.7827e-10
7,1e+12,50000,6,3.8241e-05
7,1e+12,50000,7,0.99996
7,1e+12,1e+05,0,0
7,1e+12,1e+05,1,2.668e-39
7,1e+12,1e+05,2,1.9891e-31
7,1e+12,1e+05,3,2.4319e-24
7,1e+12,1e+05,4,7.3586e-18
7,1e+12,1e+05,5,4.7893e-11
7,1e+12,1e+05,6,1.5995e-05
7,1e+12,1e+05,7,0.99998
7,1e+13,0.5,0,1
7,1e+13,0.5,1,3.4432e-09
7,1e+13,0.5,2,8.4735e-31
7,1e+13,0.5,3,0
7,1e+13,0.5,4,0
7,1e+13,0.5,5,0
7,1e+13,0.5,6,0
7,1e+13,0.5,7,0
7,1e+13,1,0,0.97035
7,1e+13,1,1,0.029654
7,1e+13,1,2,1.0291e-10
7,1e+13,1,3,5.0274e-28
7,1e+13,1,4,0
7,1e+13,1,5,0
7,1e+13,1,6,0
7,1e+13,1,7,0
7,1e+13,1.5,0,0.10055
7,1e+13,1.5,1,0.89936
7,1e+13,1.5,2,8.8659e-05
7,1e+13,1.5,3,4.7019e-15
7,1e+13,1.5,4,2.1645e-36
7,1e+13,1.5,5,0
7,1e+13,1.5,6,0
7,1e+13,1.5,7,0
7,1e+13,2,0,0.0056406
7,1e+13,2,1,0.977
7,1e+13,2,2,0.017357
7,1e+13,2,3,3.2901e-09
7,1e+13,2,4,8.559e-25
7,1e+13,2,5,2.66247e-44
7,1e+13,2,6,0
7,1e+13,2,7,0
7,1e+13,5,0,3.1376e-07
7,1e+13,5,1,0.0071566
7,1e+13,5,2,0.63709
7,1e+13,5,3,0.35575
7,1e+13,5,4,4.5682e-06
7,1e+13,5,5,2.2104e-12
7,1e+13,5,6,0
7,1e+13,5,7,0
7,1e+13,7,0,1.167e-08
7,1e+13,7,1,0.00059327
7,1e+13,7,2,0.14215
7,1e+13,7,3,0.85575
7,1e+13,7,4,0.0015028
7,1e+13,7,5,2.8556e-07
7,1e+13,7,6,2.6933e-40
7,1e+13,7,7,0
7,1e+13,10,0,8.0366e-10
7,1e+13,10,1,8.0925e-05
7,1e+13,10,2,0.041096
7,1e+13,10,3,0.90189
7,1e+13,10,4,0.05588
7,1e+13,10,5,0.0010576
7,1e+13,10,6,2.4016e-26
7,1e+13,10,7,0
7,1e+13,15,0,3.0958e-11
7,1e+13,15,1,6.9124e-06
7,1e+13,15,2,0.0073123
7,1e+13,15,3,0.40892
7,1e+13,15,4,0.32649
7,1e+13,15,5,0.25728
7,1e+13,15,6,7.8251e-16
7,1e+13,15,7,1.1863e-34
7,1e+13,23,0,6.3212e-14
7,1e+13,23,1,5.4694e-08
7,1e+13,23,2,0.00011848
7,1e+13,23,3,0.015104
7,1e+13,23,4,0.072986
7,1e+13,23,5,0.91179
7,1e+13,23,6,1.4277e-09
7,1e+13,23,7,1.8538e-21
7,1e+13,32,0,9.1671e-16
7,1e+13,32,1,1.353e-09
7,1e+13,32,2,4.9553e-06
7,1e+13,32,3,0.0011436
7,1e+13,32,4,0.016237
7,1e+13,32,5,0.98261
7,1e+13,32,6,1.7529e-06
7,1e+13,32,7,1.1683e-14
7,1e+13,52,0,5.1856e-18
7,1e+13,52,1,1.3996e-11
7,1e+13,52,2,1.0759e-07
7,1e+13,52,3,5.6817e-05
7,1e+13,52,4,0.0029715
7,1e+13,52,5,0.99483
7,1e+13,52,6,0.0021383
7,1e+13,52,7,7.6414e-08
7,1e+13,74,0,2.0701e-19
7,1e+13,74,1,8.3448e-13
7,1e+13,74,2,1.068e-08
7,1e+13,74,3,1.0029e-05
7,1e+13,74,4,0.0011758
7,1e+13,74,5,0.93232
7,1e+13,74,6,0.066331
7,1e+13,74,7,0.00016229
7,1e+13,100,0,1.2465e-20
7,1e+13,100,1,7.0333e-14
7,1e+13,100,2,1.3813e-09
7,1e+13,100,3,2.0781e-06
7,1e+13,100,4,0.00045216
7,1e+13,100,5,0.59504
7,1e+13,100,6,0.39035
7,1e+13,100,7,0.014156
7,1e+13,165,0,3.5857e-23
7,1e+13,165,1,3.528e-16
7,1e+13,165,2,1.3414e-11
7,1e+13,165,3,4.3237e-08
7,1e+13,165,4,2.3568e-05
7,1e+13,165,5,0.055797
7,1e+13,165,6,0.49719
7,1e+13,165,7,0.44699
7,1e+13,235,0,3.4223e-25
7,1e+13,235,1,4.997e-18
7,1e+13,235,2,3.0278e-13
7,1e+13,235,3,1.6292e-09
7,1e+13,235,4,1.5947e-06
7,1e+13,235,5,0.0054972
7,1e+13,235,6,0.18059
7,1e+13,235,7,0.81391
7,1e+13,310,0,1.0601e-26
7,1e+13,310,1,2.1116e-19
7,1e+13,310,2,1.7642e-14
7,1e+13,310,3,1.4103e-10
7,1e+13,310,4,2.1241e-07
7,1e+13,310,5,0.0010008
7,1e+13,310,6,0.075152
7,1e+13,310,7,0.92385
7,1e+13,390,0,6.956e-28
7,1e+13,390,1,1.7965e-20
7,1e+13,390,2,1.9816e-15
7,1e+13,390,3,2.1724e-11
7,1e+13,390,4,4.6239e-08
7,1e+13,390,5,0.00028487
7,1e+13,390,6,0.038754
7,1e+13,390,7,0.96096
7,1e+13,475,0,7.61e-29
7,1e+13,475,1,2.4597e-21
7,1e+13,475,2,3.4366e-16
7,1e+13,475,3,4.8292e-12
7,1e+13,475,4,1.3616e-08
7,1e+13,475,5,0.00010802
7,1e+13,475,6,0.023217
7,1e+13,475,7,0.97668
7,1e+13,655,0,2.3897e-30
7,1e+13,655,1,1.1159e-22
7,1e+13,655,2,2.2854e-17
7,1e+13,655,3,4.9268e-13
7,1e+13,655,4,2.219e-09
7,1e+13,655,5,2.6659e-05
7,1e+13,655,6,0.011172
7,1e+13,655,7,0.9888
7,1e+13,845,0,1.83e-31
7,1e+13,845,1,1.1456e-23
7,1e+13,845,2,3.1709e-18
7,1e+13,845,3,9.5524e-14
7,1e+13,845,4,6.0036e-10
7,1e+13,845,5,9.9557e-06
7,1e+13,845,6,0.0067351
7,1e+13,845,7,0.99325
7,1e+13,1000,0,3.5341e-32
7,1e+13,1000,1,2.6868e-24
7,1e+13,1000,2,9.0685e-19
7,1e+13,1000,3,3.4017e-14
7,1e+13,1000,4,2.6783e-10
7,1e+13,1000,5,5.4788e-06
7,1e+13,1000,6,0.0049535
7,1e+13,1000,7,0.99504
7,1e+13,1441,0,1.0906e-33
7,1e+13,1441,1,1.2639e-25
7,1e+13,1441,2,6.5493e-20
7,1e+13,1441,3,3.9316e-15
7,1e+13,1441,4,5.0469e-11
7,1e+13,1441,5,1.6668e-06
7,1e+13,1441,6,0.0027236
7,1e+13,1441,7,0.99727
7,1e+13,1925,0,7.5884e-35
7,1e+13,1925,1,1.228e-26
7,1e+13,1925,2,8.9224e-21
7,1e+13,1925,3,7.7399e-16
7,1e+13,1925,4,1.455e-11
7,1e+13,1925,5,6.9994e-07
7,1e+13,1925,6,0.0017712
7,1e+13,1925,7,0.99823
7,1e+13,2454,0,8.5911e-36
7,1e+13,2454,1,1.8379e-27
7,1e+13,2454,2,1.7705e-21
7,1e+13,2454,3,2.0848e-16
7,1e+13,2454,4,5.3807e-12
7,1e+13,2454,5,3.5341e-07
7,1e+13,2454,6,0.0012638
7,1e+13,2454,7,0.99874
7,1e+13,3030,0,1.3647e-36
7,1e+13,3030,1,3.7178e-28
7,1e+13,3030,2,4.5729e-22
7,1e+13,3030,3,7.009e-17
7,1e+13,3030,4,2.3749e-12
7,1e+13,3030,5,2.0231e-07
7,1e+13,3030,6,0.00095277
7,1e+13,3030,7,0.99905
7,1e+13,3655,0,2.6719e-37
7,1e+13,3655,1,9.0184e-29
7,1e+13,3655,2,1.3772e-22
7,1e+13,3655,3,2.6636e-17
7,1e+13,3655,4,1.1491e-12
7,1e+13,3655,5,1.2435e-07
7,1e+13,3655,6,0.00076116
7,1e+13,3655,7,0.99924
7,1e+13,4331,0,6.1716e-38
7,1e+13,4331,1,2.5274e-29
7,1e+13,4331,2,4.6902e-23
7,1e+13,4331,3,1.1177e-17
7,1e+13,4331,4,5.9822e-13
7,1e+13,4331,5,8.0028e-08
7,1e+13,4331,6,0.00060789
7,1e+13,4331,7,0.99939
7,1e+13,5060,0,1.6927e-38
7,1e+13,5060,1,8.2721e-30
7,1e+13,5060,2,1.8349e-23
7,1e+13,5060,3,5.2903e-18
7,1e+13,5060,4,3.444e-13
7,1e+13,5060,5,5.5396e-08
7,1e+13,5060,6,0.00050283
7,1e+13,5060,7,0.9995
7,1e+13,5844,0,4.8273e-39
7,1e+13,5844,1,2.804e-30
7,1e+13,5844,2,7.5003e-24
7,1e+13,5844,3,2.6284e-18
7,1e+13,5844,4,2.0795e-13
7,1e+13,5844,5,4.0135e-08
7,1e+13,5844,6,0.0004314
7,1e+13,5844,7,0.99957
7,1e+13,6685,0,1.5789e-39
7,1e+13,6685,1,1.0689e-30
7,1e+13,6685,2,3.3433e-24
7,1e+13,6685,3,1.3838e-18
7,1e+13,6685,4,1.2998e-13
7,1e+13,6685,5,2.957e-08
7,1e+13,6685,6,0.00037767
7,1e+13,6685,7,0.99962
7,1e+13,7585,0,5.3662e-40
7,1e+13,7585,1,4.194e-31
7,1e+13,7585,2,1.5195e-24
7,1e+13,7585,3,7.3517e-19
7,1e+13,7585,4,8.1095e-14
7,1e+13,7585,5,2.1534e-08
7,1e+13,7585,6,0.00032223
7,1e+13,7585,7,0.99968
7,1e+13,8546,0,1.9517e-40
7,1e+13,8546,1,1.7467e-31
7,1e+13,8546,2,7.2708e-25
7,1e+13,8546,3,4.0753e-19
7,1e+13,8546,4,5.2309e-14
7,1e+13,8546,5,1.6075e-08
7,1e+13,8546,6,0.0002785
7,1e+13,8546,7,0.99972
7,1e+13,10000,0,5.20723e-41
7,1e+13,10000,1,5.5692e-32
7,1e+13,10000,2,2.7837e-25
7,1e+13,10000,3,1.8934e-19
7,1e+13,10000,4,2.9659e-14
7,1e+13,10000,5,1.1051e-08
7,1e+13,10000,6,0.00023115
7,1e+13,10000,7,0.99977
7,1e+13,20000,0,1.7236e-43
7,1e+13,20000,1,4.0492e-34
7,1e+13,20000,2,4.5541e-27
7,1e+13,20000,3,7.2691e-21
7,1e+13,20000,4,2.7342e-15
7,1e+13,20000,5,2.3781e-09
7,1e+13,20000,6,0.00010866
7,1e+13,20000,7,0.99989
7,1e+13,50000,0,0
7,1e+13,50000,1,5.0261e-37
7,1e+13,50000,2,1.695e-29
7,1e+13,50000,3,8.4913e-23
7,1e+13,50000,4,1.0283e-16
7,1e+13,50000,5,2.7602e-10
7,1e+13,50000,6,3.8238e-05
7,1e+13,50000,7,0.99996
7,1e+13,1e+05,0,0
7,1e+13,1e+05,1,2.4331e-39
7,1e+13,1e+05,2,1.965e-31
7,1e+13,1e+05,3,2.4238e-24
7,1e+13,1e+05,4,7.3374e-18
7,1e+13,1e+05,5,4.7426e-11
7,1e+13,1e+05,6,1.5994e-05
7,1e+13,1e+05,7,0.99998
7,1e+14,0.5,0,1
7,1e+14,0.5,1,4.525e-09
7,1e+14,0.5,2,1.8293e-30
7,1e+14,0.5,3,0
7,1e+14,0.5,4,0
7,1e+14,0.5,5,0
7,1e+14,0.5,6,0
7,1e+14,0.5,7,0
7,1e+14,1,0,0.96672
7,1e+14,1,1,0.033279
7,1e+14,1,2,1.7651e-10
7,1e+14,1,3,1.7204e-27
7,1e+14,1,4,0
7,1e+14,1,5,0
7,1e+14,1,6,0
7,1e+14,1,7,0
7,1e+14,1.5,0,0.086644
7,1e+14,1.5,1,0.91322
7,1e+14,1.5,2,0.00013527
7,1e+14,1.5,3,1.3875e-14
7,1e+14,1.5,4,1.8838e-35
7,1e+14,1.5,5,0
7,1e+14,1.5,6,0
7,1e+14,1.5,7,0
7,1e+14,2,0,0.0043873
7,1e+14,2,1,0.96967
7,1e+14,2,2,0.025939
7,1e+14,2,3,9.2329e-09
7,1e+14,2,4,6.3195e-24
7,1e+14,2,5,2.158e-43
7,1e+14,2,6,0
7,1e+14,2,7,0
7,1e+14,5,0,3.5222e-08
7,1e+14,5,1,0.0021208
7,1e+14,5,2,0.50482
7,1e+14,5,3,0.49305
7,1e+14,5,4,9.8152e-06
7,1e+14,5,5,5.0002e-12
7,1e+14,5,6,0
7,1e+14,5,7,0
7,1e+14,7,0,6.9007e-10
7,1e+14,7,1,9.7145e-05
7,1e+14,7,2,0.079558
7,1e+14,7,3,0.91821
7,1e+14,7,4,0.0021332
7,1e+14,7,5,4.2192e-07
7,1e+14,7,6,5.8697e-40
7,1e+14,7,7,0
7,1e+14,10,0,4.6023e-11
7,1e+14,10,1,1.0881e-05
7,1e+14,10,2,0.020277
7,1e+14,10,3,0.91081
7,1e+14,10,4,0.06758
7,1e+14,10,5,0.0013181
7,1e+14,10,6,3.8772e-26
7,1e+14,10,7,0
7,1e+14,15,0,2.39e-12
7,1e+14,15,1,8.9622e-07
7,1e+14,15,2,0.0034118
7,1e+14,15,3,0.37886
7,1e+14,15,4,0.3422
7,1e+14,15,5,0.27553
7,1e+14,15,6,9.8553e-16
7,1e+14,15,7,1.4801e-34
7,1e+14,23,0,1.0673e-14
7,1e+14,23,1,7.755e-09
7,1e+14,23,2,5.6942e-05
7,1e+14,23,3,0.01361
7,1e+14,23,4,0.072081
7,1e+14,23,5,0.91425
7,1e+14,23,6,1.5842e-09
7,1e+14,23,7,2.0475e-21
7,1e+14,32,0,2.1149e-16
7,1e+14,32,1,2.1487e-10
7,1e+14,32,2,2.5295e-06
7,1e+14,32,3,0.0010469
7,1e+14,32,4,0.016053
7,1e+14,32,5,0.9829
7,1e+14,32,6,1.8842e-06
7,1e+14,32,7,1.253e-14
7,1e+14,52,0,1.525e-18
7,1e+14,52,1,2.5939e-12
7,1e+14,52,2,5.9231e-08
7,1e+14,52,3,5.2913e-05
7,1e+14,52,4,0.002947
7,1e+14,52,5,0.99476
7,1e+14,52,6,0.0022387
7,1e+14,52,7,8.0009e-08
7,1e+14,74,0,6.7362e-20
7,1e+14,74,1,1.7083e-13
7,1e+14,74,2,6.1527e-09
7,1e+14,74,3,9.4034e-06
7,1e+14,74,4,0.0011653
7,1e+14,74,5,0.9301
7,1e+14,74,6,0.068559
7,1e+14,74,7,0.00016795
7,1e+14,100,0,4.3066e-21
7,1e+14,100,1,1.5536e-14
7,1e+14,100,2,8.1826e-10
7,1e+14,100,3,1.9421e-06
7,1e+14,100,4,0.00044427
7,1e+14,100,5,0.58789
7,1e+14,100,6,0.39722
7,1e+14,100,7,0.014434
7,1e+14,165,0,1.3566e-23
7,1e+14,165,1,8.8751e-17
7,1e+14,165,2,8.3613e-12
7,1e+14,165,3,4.0392e-08
7,1e+14,165,4,2.2946e-05
7,1e+14,165,5,0.054528
7,1e+14,165,6,0.49725
7,1e+14,165,7,0.4482
7,1e+14,235,0,1.3908e-25
7,1e+14,235,1,1.3929e-18
7,1e+14,235,2,1.9685e-13
7,1e+14,235,3,1.5336e-09
7,1e+14,235,4,1.5557e-06
7,1e+14,235,5,0.0053772
7,1e+14,235,6,0.18021
7,1e+14,235,7,0.81441
7,1e+14,310,0,4.5286e-27
7,1e+14,310,1,6.3218e-20
7,1e+14,310,2,1.1848e-14
7,1e+14,310,3,1.3359e-10
7,1e+14,310,4,2.0771e-07
7,1e+14,310,5,0.00098055
7,1e+14,310,6,0.074963
7,1e+14,310,7,0.92406
7,1e+14,390,0,3.0917e-28
7,1e+14,390,1,5.6971e-21
7,1e+14,390,2,1.3646e-15
7,1e+14,390,3,2.0677e-11
7,1e+14,390,4,4.5297e-08
7,1e+14,390,5,0.00027945
7,1e+14,390,6,0.038654
7,1e+14,390,7,0.96107
7,1e+14,475,0,3.4875e-29
7,1e+14,475,1,8.1625e-22
7,1e+14,475,2,2.4128e-16
7,1e+14,475,3,4.6143e-12
7,1e+14,475,4,1.3359e-08
7,1e+14,475,5,0.00010606
7,1e+14,475,6,0.023157
7,1e+14,475,7,0.97674
7,1e+14,655,0,1.1462e-30
7,1e+14,655,1,3.9649e-23
7,1e+14,655,2,1.6547e-17
7,1e+14,655,3,4.7335e-13
7,1e+14,655,4,2.1816e-09
7,1e+14,655,5,2.6211e-05
7,1e+14,655,6,0.011145
7,1e+14,655,7,0.98883
7,1e+14,845,0,9.0597e-32
7,1e+14,845,1,4.2728e-24
7,1e+14,845,2,2.3477e-18
7,1e+14,845,3,9.2124e-14
7,1e+14,845,4,5.9116e-10
7,1e+14,845,5,9.7976e-06
7,1e+14,845,6,0.006719
7,1e+14,845,7,0.99327
7,1e+14,1000,0,1.7832e-32
7,1e+14,1000,1,1.0322e-24
7,1e+14,1000,2,6.8083e-19
7,1e+14,1000,3,3.2881e-14
7,1e+14,1000,4,2.6397e-10
7,1e+14,1000,5,5.3949e-06
7,1e+14,1000,6,0.0049422
7,1e+14,1000,7,0.99505
7,1e+14,1441,0,5.7131e-34
7,1e+14,1441,1,5.1521e-26
7,1e+14,1441,2,5.0585e-20
7,1e+14,1441,3,3.8191e-15
7,1e+14,1441,4,4.9856e-11
7,1e+14,1441,5,1.6437e-06
7,1e+14,1441,6,0.0027179
7,1e+14,1441,7,0.99728
7,1e+14,1925,0,4.0827e-35
7,1e+14,1925,1,5.2233e-27
7,1e+14,1925,2,7.0347e-21
7,1e+14,1925,3,7.5445e-16
7,1e+14,1925,4,1.4397e-11
7,1e+14,1925,5,6.9087e-07
7,1e+14,1925,6,0.0017677
7,1e+14,1925,7,0.99823
7,1e+14,2454,0,4.7198e-36
7,1e+14,2454,1,8.0831e-28
7,1e+14,2454,2,1.4186e-21
7,1e+14,2454,3,2.0376e-16
7,1e+14,2454,4,5.3312e-12
7,1e+14,2454,5,3.4909e-07
7,1e+14,2454,6,0.0012614
7,1e+14,2454,7,0.99874
7,1e+14,3030,0,7.6294e-37
7,1e+14,3030,1,1.681e-28
7,1e+14,3030,2,3.7127e-22
7,1e+14,3030,3,6.8644e-17
7,1e+14,3030,4,2.3555e-12
7,1e+14,3030,5,1.9996e-07
7,1e+14,3030,6,0.00095112
7,1e+14,3030,7,0.99905
7,1e+14,3655,0,1.5166e-37
7,1e+14,3655,1,4.1761e-29
7,1e+14,3655,2,1.1308e-22
7,1e+14,3655,3,2.6135e-17
7,1e+14,3655,4,1.1408e-12
7,1e+14,3655,5,1.2298e-07
7,1e+14,3655,6,0.0007599
7,1e+14,3655,7,0.99924
7,1e+14,4331,0,3.5507e-38
7,1e+14,4331,1,1.1951e-29
7,1e+14,4331,2,3.8891e-23
7,1e+14,4331,3,1.0984e-17
7,1e+14,4331,4,5.9442e-13
7,1e+14,4331,5,7.9186e-08
7,1e+14,4331,6,0.00060695
7,1e+14,4331,7,0.99939
7,1e+14,5060,0,9.8578e-39
7,1e+14,5060,1,3.9855e-30
7,1e+14,5060,2,1.5346e-23
7,1e+14,5060,3,5.2056e-18
7,1e+14,5060,4,3.4243e-13
7,1e+14,5060,5,5.4832e-08
7,1e+14,5060,6,0.00050209
7,1e+14,5060,7,0.9995
7,1e+14,5844,0,2.8362e-39
7,1e+14,5844,1,1.3701e-30
7,1e+14,5844,2,6.3082e-24
7,1e+14,5844,3,2.5882e-18
7,1e+14,5844,4,2.0684e-13
7,1e+14,5844,5,3.9735e-08
7,1e+14,5844,6,0.00043078
7,1e+14,5844,7,0.99957
7,1e+14,6685,0,9.36919e-40
7,1e+14,6685,1,5.3028e-31
7,1e+14,6685,2,2.8306e-24
7,1e+14,6685,3,1.3638e-18
7,1e+14,6685,4,1.2933e-13
7,1e+14,6685,5,2.9284e-08
7,1e+14,6685,6,0.00037714
7,1e+14,6685,7,0.99962
7,1e+14,7585,0,3.2142e-40
7,1e+14,7585,1,2.1103e-31
7,1e+14,7585,2,1.2944e-24
7,1e+14,7585,3,7.2515e-19
7,1e+14,7585,4,8.0723e-14
7,1e+14,7585,5,2.1332e-08
7,1e+14,7585,6,0.0003218
7,1e+14,7585,7,0.99968
7,1e+14,8546,0,1.1793e-40
7,1e+14,8546,1,8.9049e-32
7,1e+14,8546,2,6.228e-25
7,1e+14,8546,3,4.0229e-19
7,1e+14,8546,4,5.209e-14
7,1e+14,8546,5,1.5929e-08
7,1e+14,8546,6,0.00027814
7,1e+14,8546,7,0.99972
7,1e+14,10000,0,3.18277e-41
7,1e+14,10000,1,2.8882e-32
7,1e+14,10000,2,2.4014e-25
7,1e+14,10000,3,1.8709e-19
7,1e+14,10000,4,2.955e-14
7,1e+14,10000,5,1.0954e-08
7,1e+14,10000,6,0.00023088
7,1e+14,10000,7,0.99977
7,1e+14,20000,0,1.10703e-43
7,1e+14,20000,1,2.257e-34
7,1e+14,20000,2,4.0413e-27
7,1e+14,20000,3,7.2126e-21
7,1e+14,20000,4,2.7306e-15
7,1e+14,20000,5,2.3608e-09
7,1e+14,20000,6,0.00010856
7,1e+14,20000,7,0.99989
7,1e+14,50000,0,0
7,1e+14,50000,1,3.0482e-37
7,1e+14,50000,2,1.5476e-29
7,1e+14,50000,3,8.4558e-23
7,1e+14,50000,4,1.0289e-16
7,1e+14,50000,5,2.7446e-10
7,1e+14,50000,6,3.8212e-05
7,1e+14,50000,7,0.99996
7,1e+14,1e+05,0,0
7,1e+14,1e+05,1,1.5551e-39
7,1e+14,1e+05,2,1.8221e-31
7,1e+14,1e+05,3,2.4183e-24
7,1e+14,1e+05,4,7.3495e-18
7,1e+14,1e+05,5,4.72e-11
7,1e+14,1e+05,6,1.5986e-05
7,1e+14,1e+05,7,0.99998
7,1e+15,0.5,0,1
7,1e+15,0.5,1,8.8508e-09
7,1e+15,0.5,2,7.7515e-30
7,1e+15,0.5,3,0
7,1e+15,0.5,4,0
7,1e+15,0.5,5,0
7,1e+15,0.5,6,0
7,1e+15,0.5,7,0
7,1e+15,1,0,0.94997
7,1e+15,1,1,0.05003
7,1e+15,1,2,5.6679e-10
7,1e+15,1,3,1.1403e-26
7,1e+15,1,4,0
7,1e+15,1,5,0
7,1e+15,1,6,0
7,1e+15,1,7,0
7,1e+15,1.5,0,0.061676
7,1e+15,1.5,1,0.93803
7,1e+15,1.5,2,0.0002901
7,1e+15,1.5,3,5.9942e-14
7,1e+15,1.5,4,3.5732e-34
7,1e+15,1.5,5,0
7,1e+15,1.5,6,0
7,1e+15,1.5,7,0
7,1e+15,2,0,0.0029879
7,1e+15,2,1,0.94519
7,1e+15,2,2,0.05182
7,1e+15,2,3,3.6749e-08
7,1e+15,2,4,1.1292e-22
7,1e+15,2,5,7.73377e-42
7,1e+15,2,6,0
7,1e+15,2,7,0
7,1e+15,5,0,1.1721e-08
7,1e+15,5,1,0.00047901
7,1e+15,5,2,0.31997
7,1e+15,5,3,0.6795
7,1e+15,5,4,4.9757e-05
7,1e+15,5,5,3.8602e-11
7,1e+15,5,6,0
7,1e+15,5,7,0
7,1e+15,7,0,1.4893e-10
7,1e+15,7,1,9.5511e-06
7,1e+15,7,2,0.02972
7,1e+15,7,3,0.96348
7,1e+15,7,4,0.0067922
7,1e+15,7,5,1.8729e-06
7,1e+15,7,6,8.9482e-39
7,1e+15,7,7,0
7,1e+15,10,0,7.0713e-12
7,1e+15,10,1,5.8897e-07
7,1e+15,10,2,0.0048381
7,1e+15,10,3,0.83519
7,1e+15,10,4,0.15606
7,1e+15,10,5,0.0039204
7,1e+15,10,6,3.179e-25
7,1e+15,10,7,0
7,1e+15,15,0,2.3283e-13
7,1e+15,15,1,2.6617e-08
7,1e+15,15,2,0.00043715
7,1e+15,15,3,0.20851
7,1e+15,15,4,0.40215
7,1e+15,15,5,0.3889
7,1e+15,15,6,2.9729e-15
7,1e+15,15,7,4.4614e-34
7,1e+15,23,0,1.2971e-15
7,1e+15,23,1,2.363e-10
7,1e+15,23,2,6.657e-06
7,1e+15,23,3,0.0065604
7,1e+15,23,4,0.064297
7,1e+15,23,5,0.92914
7,1e+15,23,6,2.7118e-09
7,1e+15,23,7,3.5148e-21
7,1e+15,32,0,3.2257e-17
7,1e+15,32,1,8.5732e-12
7,1e+15,32,2,3.5021e-07
7,1e+15,32,3,0.00055892
7,1e+15,32,4,0.014536
7,1e+15,32,5,0.9849
7,1e+15,32,6,2.7419e-06
7,1e+15,32,7,1.8322e-14
7,1e+15,52,0,3.0787e-19
7,1e+15,52,1,1.4827e-13
7,1e+15,52,2,1.0329e-08
7,1e+15,52,3,3.1957e-05
7,1e+15,52,4,0.0027422
7,1e+15,52,5,0.99443
7,1e+15,52,6,0.0027914
7,1e+15,52,7,1.0044e-07
7,1e+15,74,0,1.6057e-20
7,1e+15,74,1,1.2023e-14
7,1e+15,74,2,1.2265e-09
7,1e+15,74,3,6.0164e-06
7,1e+15,74,4,0.0010879
7,1e+15,74,5,0.91969
7,1e+15,74,6,0.079016
7,1e+15,74,7,0.00019507
7,1e+15,100,0,1.144e-21
7,1e+15,100,1,1.2489e-15
7,1e+15,100,2,1.7545e-10
7,1e+15,100,3,1.2563e-06
7,1e+15,100,4,0.00040305
7,1e+15,100,5,0.5597
7,1e+15,100,6,0.42434
7,1e+15,100,7,0.015548
7,1e+15,165,0,4.4833e-24
7,1e+15,165,1,9.0406e-18
7,1e+15,165,2,2.0861e-12
7,1e+15,165,3,2.7407e-08
7,1e+15,165,4,2.0537e-05
7,1e+15,165,5,0.050506
7,1e+15,165,6,0.49724
7,1e+15,165,7,0.45223
7,1e+15,235,0,5.4783e-26
7,1e+15,235,1,1.7128e-19
7,1e+15,235,2,5.5648e-14
7,1e+15,235,3,1.1003e-09
7,1e+15,235,4,1.4178e-06
7,1e+15,235,5,0.0050294
7,1e+15,235,6,0.17893
7,1e+15,235,7,0.81604
7,1e+15,310,0,2.0033e-27
7,1e+15,310,1,8.8039e-21
7,1e+15,310,2,3.6727e-15
7,1e+15,310,3,9.9778e-11
7,1e+15,310,4,1.9197e-07
7,1e+15,310,5,0.00092505
7,1e+15,310,6,0.074338
7,1e+15,310,7,0.92474
7,1e+15,390,0,1.486e-28
7,1e+15,390,1,8.7374e-22
7,1e+15,390,2,4.5266e-16
7,1e+15,390,3,1.5902e-11
7,1e+15,390,4,4.2266e-08
7,1e+15,390,5,0.00026524
7,1e+15,390,6,0.038323
7,1e+15,390,7,0.96141
7,1e+15,475,0,1.7762e-29
7,1e+15,475,1,1.3459e-22
7,1e+15,475,2,8.415e-17
7,1e+15,475,3,3.6317e-12
7,1e+15,475,4,1.2569e-08
7,1e+15,475,5,0.00010111
7,1e+15,475,6,0.022959
7,1e+15,475,7,0.97694
7,1e+15,655,0,6.2995e-31
7,1e+15,655,1,7.2642e-24
7,1e+15,655,2,6.2311e-18
7,1e+15,655,3,3.8446e-13
7,1e+15,655,4,2.0712e-09
7,1e+15,655,5,2.5133e-05
7,1e+15,655,6,0.011051
7,1e+15,655,7,0.98892
7,1e+15,845,0,5.1993e-32
7,1e+15,845,1,8.4008e-25
7,1e+15,845,2,9.321e-19
7,1e+15,845,3,7.638e-14
7,1e+15,845,4,5.65e-10
7,1e+15,845,5,9.4285e-06
7,1e+15,845,6,0.0066642
7,1e+15,845,7,0.99333
7,1e+15,1000,0,1.0451e-32
7,1e+15,1000,1,2.1141e-25
7,1e+15,1000,2,2.7888e-19
7,1e+15,1000,3,2.758e-14
7,1e+15,1000,4,2.5304e-10
7,1e+15,1000,5,5.2023e-06
7,1e+15,1000,6,0.0049028
7,1e+15,1000,7,0.99509
7,1e+15,1441,0,3.4544e-34
7,1e+15,1441,1,1.1409e-26
7,1e+15,1441,2,2.2047e-20
7,1e+15,1441,3,3.2785e-15
7,1e+15,1441,4,4.8108e-11
7,1e+15,1441,5,1.5912e-06
7,1e+15,1441,6,0.0026973
7,1e+15,1441,7,0.9973
7,1e+15,1925,0,2.4988e-35
7,1e+15,1925,1,1.2191e-27
7,1e+15,1925,2,3.2026e-21
7,1e+15,1925,3,6.578e-16
7,1e+15,1925,4,1.3952e-11
7,1e+15,1925,5,6.7048e-07
7,1e+15,1925,6,0.0017549
7,1e+15,1925,7,0.99824
7,1e+15,2454,0,2.8993e-36
7,1e+15,2454,1,1.9621e-28
7,1e+15,2454,2,6.6794e-22
7,1e+15,2454,3,1.7972e-16
7,1e+15,2454,4,5.1823e-12
7,1e+15,2454,5,3.3937e-07
7,1e+15,2454,6,0.0012527
7,1e+15,2454,7,0.99875
7,1e+15,3030,0,4.6829e-37
7,1e+15,3030,1,4.2096e-29
7,1e+15,3030,2,1.7966e-22
7,1e+15,3030,3,6.109e-17
7,1e+15,3030,4,2.2949e-12
7,1e+15,3030,5,1.9462e-07
7,1e+15,3030,6,0.00094478
7,1e+15,3030,7,0.99906
7,1e+15,3655,0,9.2817e-38
7,1e+15,3655,1,1.0735e-29
7,1e+15,3655,2,5.6026e-23
7,1e+15,3655,3,2.3437e-17
7,1e+15,3655,4,1.1138e-12
7,1e+15,3655,5,1.1983e-07
7,1e+15,3655,6,0.00075495
7,1e+15,3655,7,0.99924
7,1e+15,4331,0,2.1638e-38
7,1e+15,4331,1,3.1417e-30
7,1e+15,4331,2,1.9668e-23
7,1e+15,4331,3,9.9133e-18
7,1e+15,4331,4,5.8141e-13
7,1e+15,4331,5,7.7228e-08
7,1e+15,4331,6,0.00060318
7,1e+15,4331,7,0.9994
7,1e+15,5060,0,5.9764e-39
7,1e+15,5060,1,1.0683e-30
7,1e+15,5060,2,7.9019e-24
7,1e+15,5060,3,4.7232e-18
7,1e+15,5060,4,3.3538e-13
7,1e+15,5060,5,5.3508e-08
7,1e+15,5060,6,0.00049908
7,1e+15,5060,7,0.9995
7,1e+15,5844,0,1.7174e-39
7,1e+15,5844,1,3.7407e-31
7,1e+15,5844,2,3.2928e-24
7,1e+15,5844,3,2.3562e-18
7,1e+15,5844,4,2.0272e-13
7,1e+15,5844,5,3.8788e-08
7,1e+15,5844,6,0.00042822
7,1e+15,5844,7,0.99957
7,1e+15,6685,0,5.64339e-40
7,1e+15,6685,1,1.4709e-31
7,1e+15,6685,2,1.4993e-24
7,1e+15,6685,3,1.2465e-18
7,1e+15,6685,4,1.2687e-13
7,1e+15,6685,5,2.8598e-08
7,1e+15,6685,6,0.00037491
7,1e+15,6685,7,0.99963
7,1e+15,7585,0,1.92629e-40
7,1e+15,7585,1,5.9411e-32
7,1e+15,7585,2,6.9503e-25
7,1e+15,7585,3,6.6526e-19
7,1e+15,7585,4,7.9265e-14
7,1e+15,7585,5,2.0843e-08
7,1e+15,7585,6,0.00031997
7,1e+15,7585,7,0.99968
7,1e+15,8546,0,7.03256e-41
7,1e+15,8546,1,2.5418e-32
7,1e+15,8546,2,3.3871e-25
7,1e+15,8546,3,3.7033e-19
7,1e+15,8546,4,5.1196e-14
7,1e+15,8546,5,1.5571e-08
7,1e+15,8546,6,0.00027661
7,1e+15,8546,7,0.99972
7,1e+15,10000,0,1.88531e-41
7,1e+15,10000,1,8.3925e-33
7,1e+15,10000,2,1.3278e-25
7,1e+15,10000,3,1.7298e-19
7,1e+15,10000,4,2.9079e-14
7,1e+15,10000,5,1.0714e-08
7,1e+15,10000,6,0.00022966
7,1e+15,10000,7,0.99977
7,1e+15,20000,0,6.44597e-44
7,1e+15,20000,1,7.0804e-35
7,1e+15,20000,2,2.3968e-27
7,1e+15,20000,3,6.7899e-21
7,1e+15,20000,4,2.703e-15
7,1e+15,20000,5,2.3143e-09
7,1e+15,20000,6,0.00010806
7,1e+15,20000,7,0.99989
7,1e+15,50000,0,0
7,1e+15,50000,1,1.0519e-37
7,1e+15,50000,2,9.9663e-30
7,1e+15,50000,3,8.1117e-23
7,1e+15,50000,4,1.0256e-16
7,1e+15,50000,5,2.6992e-10
7,1e+15,50000,6,3.8076e-05
7,1e+15,50000,7,0.99996
7,1e+15,1e+05,0,0
7,1e+15,1e+05,1,5.73219e-40
7,1e+15,1e+05,2,1.2357e-31
7,1e+15,1e+05,3,2.3463e-24
7,1e+15,1e+05,4,7.3633e-18
7,1e+15,1e+05,5,4.6531e-11
7,1e+15,1e+05,6,1.5942e-05
7,1e+15,1e+05,7,0.99998
7,1e+16,0.5,0,1
7,1e+16,0.5,1,9.3436e-09
7,1e+16,0.5,2,9.486e-30
7,1e+16,0.5,3,0
7,1e+16,0.5,4,0
7,1e+16,0.5,5,0
7,1e+16,0.5,6,0
7,1e+16,0.5,7,0
7,1e+16,1,0,0.95071
7,1e+16,1,1,0.049295
7,1e+16,1,2,6.8911e-10
7,1e+16,1,3,2.9529e-26
7,1e+16,1,4,0
7,1e+16,1,5,0
7,1e+16,1,6,0
7,1e+16,1,7,0
7,1e+16,1.5,0,0.066049
7,1e+16,1.5,1,0.93358
7,1e+16,1.5,2,0.00037527
7,1e+16,1.5,3,1.6893e-13
7,1e+16,1.5,4,2.5948e-33
7,1e+16,1.5,5,0
7,1e+16,1.5,6,0
7,1e+16,1.5,7,0
7,1e+16,2,0,0.0036859
7,1e+16,2,1,0.92803
7,1e+16,2,2,0.068287
7,1e+16,2,3,1.0631e-07
7,1e+16,2,4,8.7034e-22
7,1e+16,2,5,3.5459e-40
7,1e+16,2,6,0
7,1e+16,2,7,0
7,1e+16,5,0,2.1734e-08
7,1e+16,5,1,0.00016857
7,1e+16,5,2,0.1687
7,1e+16,5,3,0.83092
7,1e+16,5,4,0.00021281
7,1e+16,5,5,6.6004e-10
7,1e+16,5,6,0
7,1e+16,5,7,0
7,1e+16,7,0,1.6153e-10
7,1e+16,7,1,2.4676e-06
7,1e+16,7,2,0.010926
7,1e+16,7,3,0.96193
7,1e+16,7,4,0.027121
7,1e+16,7,5,2.4334e-05
7,1e+16,7,6,3.9009e-37
7,1e+16,7,7,0
7,1e+16,10,0,2.5114e-12
7,1e+16,10,1,8.0037e-08
7,1e+16,10,2,0.00079831
7,1e+16,10,3,0.52003
7,1e+16,10,4,0.44952
7,1e+16,10,5,0.029652
7,1e+16,10,6,8.4824e-24
7,1e+16,10,7,0
7,1e+16,15,0,1.2014e-14
7,1e+16,15,1,8.4108e-10
7,1e+16,15,2,1.3697e-05
7,1e+16,15,3,0.032087
7,1e+16,15,4,0.3176
7,1e+16,15,5,0.6503
7,1e+16,15,6,1.7227e-14
7,1e+16,15,7,2.6695e-33
7,1e+16,23,0,4.3616e-17
7,1e+16,23,1,6.2832e-12
7,1e+16,23,2,1.5698e-07
7,1e+16,23,3,0.00077219
7,1e+16,23,4,0.037695
7,1e+16,23,5,0.96153
7,1e+16,23,6,8.6027e-09
7,1e+16,23,7,1.1449e-20
7,1e+16,32,0,1.2799e-18
7,1e+16,32,1,2.9432e-13
7,1e+16,32,2,1.0586e-08
7,1e+16,32,3,7.7843e-05
7,1e+16,32,4,0.0092372
7,1e+16,32,5,0.99068
7,1e+16,32,6,7.2073e-06
7,1e+16,32,7,4.9338e-14
7,1e+16,52,0,1.8065e-20
7,1e+16,52,1,7.4367e-15
7,1e+16,52,2,4.7832e-10
7,1e+16,52,3,5.8913e-06
7,1e+16,52,4,0.0019459
7,1e+16,52,5,0.99249
7,1e+16,52,6,0.0055601
7,1e+16,52,7,2.0459e-07
7,1e+16,74,0,1.2476e-21
7,1e+16,74,1,7.3204e-16
7,1e+16,74,2,7.2345e-11
7,1e+16,74,3,1.2809e-06
7,1e+16,74,4,0.00078015
7,1e+16,74,5,0.87276
7,1e+16,74,6,0.12614
7,1e+16,74,7,0.00031819
7,1e+16,100,0,1.0446e-22
7,1e+16,100,1,7.9807e-17
7,1e+16,100,2,1.1259e-11
7,1e+16,100,3,2.7011e-07
7,1e+16,100,4,0.00026053
7,1e+16,100,5,0.45884
7,1e+16,100,6,0.5214
7,1e+16,100,7,0.019505
7,1e+16,165,0,6.6118e-25
7,1e+16,165,1,7.3547e-19
7,1e+16,165,2,1.8076e-13
7,1e+16,165,3,7.0748e-09
7,1e+16,165,4,1.3216e-05
7,1e+16,165,5,0.038675
7,1e+16,165,6,0.49875
7,1e+16,165,7,0.46256
7,1e+16,235,0,1.2139e-26
7,1e+16,235,1,1.7802e-20
7,1e+16,235,2,6.3535e-15
7,1e+16,235,3,3.4796e-10
7,1e+16,235,4,9.9112e-07
7,1e+16,235,5,0.0040292
7,1e+16,235,6,0.17634
7,1e+16,235,7,0.81963
7,1e+16,310,0,5.8531e-28
7,1e+16,310,1,1.0729e-21
7,1e+16,310,2,5.0977e-16
7,1e+16,310,3,3.6392e-11
7,1e+16,310,4,1.4239e-07
7,1e+16,310,5,0.00076713
7,1e+16,310,6,0.073079
7,1e+16,310,7,0.92615
7,1e+16,390,0,5.2863e-29
7,1e+16,390,1,1.1958e-22
7,1e+16,390,2,7.2177e-17
7,1e+16,390,3,6.4251e-12
7,1e+16,390,4,3.263e-08
7,1e+16,390,5,0.00022525
7,1e+16,390,6,0.037658
7,1e+16,390,7,0.96212
7,1e+16,475,0,7.3026e-30
7,1e+16,475,1,2.0057e-23
7,1e+16,475,2,1.4856e-17
7,1e+16,475,3,1.5917e-12
7,1e+16,475,4,1.0053e-08
7,1e+16,475,5,8.7348e-05
7,1e+16,475,6,0.022562
7,1e+16,475,7,0.97735
7,1e+16,655,0,3.1495e-31
7,1e+16,655,1,1.2152e-24
7,1e+16,655,2,1.2724e-18
7,1e+16,655,3,1.8774e-13
7,1e+16,655,4,1.7215e-09
7,1e+16,655,5,2.2212e-05
7,1e+16,655,6,0.010865
7,1e+16,655,7,0.98911
7,1e+16,845,0,2.9361e-32
7,1e+16,845,1,1.5095e-25
7,1e+16,845,2,2.0923e-19
7,1e+16,845,3,3.9989e-14
7,1e+16,845,4,4.833e-10
7,1e+16,845,5,8.4506e-06
7,1e+16,845,6,0.0065546
7,1e+16,845,7,0.99344
7,1e+16,1000,0,6.2933e-33
7,1e+16,1000,1,3.9389e-26
7,1e+16,1000,2,6.5889e-20
7,1e+16,1000,3,1.499e-14
7,1e+16,1000,4,2.1911e-10
7,1e+16,1000,5,4.7005e-06
7,1e+16,1000,6,0.0048239
7,1e+16,1000,7,0.99517
7,1e+16,1441,0,2.337e-34
7,1e+16,1441,1,2.2751e-27
7,1e+16,1441,2,5.7537e-21
7,1e+16,1441,3,1.9213e-15
7,1e+16,1441,4,4.2808e-11
7,1e+16,1441,5,1.4599e-06
7,1e+16,1441,6,0.0026557
7,1e+16,1441,7,0.99734
7,1e+16,1925,0,1.8105e-35
7,1e+16,1925,1,2.5296e-28
7,1e+16,1925,2,8.9112e-22
7,1e+16,1925,3,4.0499e-16
7,1e+16,1925,4,1.2629e-11
7,1e+16,1925,5,6.2104e-07
7,1e+16,1925,6,0.0017289
7,1e+16,1925,7,0.99827
7,1e+16,2454,0,2.1968e-36
7,1e+16,2454,1,4.1785e-29
7,1e+16,2454,2,1.946e-22
7,1e+16,2454,3,1.147e-16
7,1e+16,2454,4,4.7478e-12
7,1e+16,2454,5,3.1642e-07
7,1e+16,2454,6,0.0012347
7,1e+16,2454,7,0.99876
7,1e+16,3030,0,3.6577e-37
7,1e+16,3030,1,9.1251e-30
7,1e+16,3030,2,5.4188e-23
7,1e+16,3030,3,4.0059e-17
7,1e+16,3030,4,2.1199e-12
7,1e+16,3030,5,1.8231e-07
7,1e+16,3030,6,0.00093168
7,1e+16,3030,7,0.99907
7,1e+16,3655,0,7.4139e-38
7,1e+16,3655,1,2.3586e-30
7,1e+16,3655,2,1.7382e-23
7,1e+16,3655,3,1.5719e-17
7,1e+16,3655,4,1.0363e-12
7,1e+16,3655,5,1.127e-07
7,1e+16,3655,6,0.00074463
7,1e+16,3655,7,0.99926
7,1e+16,4331,0,1.7569e-38
7,1e+16,4331,1,6.9731e-31
7,1e+16,4331,2,6.2456e-24
7,1e+16,4331,3,6.7749e-18
7,1e+16,4331,4,5.4423e-13
7,1e+16,4331,5,7.2868e-08
7,1e+16,4331,6,0.00059526
7,1e+16,4331,7,0.9994
7,1e+16,5060,0,4.907e-39
7,1e+16,5060,1,2.3879e-31
7,1e+16,5060,2,2.5568e-24
7,1e+16,5060,3,3.2764e-18
7,1e+16,5060,4,3.1519e-13
7,1e+16,5060,5,5.0609e-08
7,1e+16,5060,6,0.00049269
7,1e+16,5060,7,0.99951
7,1e+16,5844,0,1.4326e-39
7,1e+16,5844,1,8.4846e-32
7,1e+16,5844,2,1.0853e-24
7,1e+16,5844,3,1.652e-18
7,1e+16,5844,4,1.9093e-13
7,1e+16,5844,5,3.6748e-08
7,1e+16,5844,6,0.00042278
7,1e+16,5844,7,0.99958
7,1e+16,6685,0,4.74129e-40
7,1e+16,6685,1,3.3555e-32
7,1e+16,6685,2,5.015e-25
7,1e+16,6685,3,8.838e-19
7,1e+16,6685,4,1.1978e-13
7,1e+16,6685,5,2.7135e-08
7,1e+16,6685,6,0.00037015
7,1e+16,6685,7,0.99963
7,1e+16,7585,0,1.6282e-40
7,1e+16,7585,1,1.3628e-32
7,1e+16,7585,2,2.357e-25
7,1e+16,7585,3,4.7668e-19
7,1e+16,7585,4,7.5039e-14
7,1e+16,7585,5,1.981e-08
7,1e+16,7585,6,0.00031603
7,1e+16,7585,7,0.99968
7,1e+16,8546,0,5.97317e-41
7,1e+16,8546,1,5.8605e-33
7,1e+16,8546,2,1.1632e-25
7,1e+16,8546,3,2.6793e-19
7,1e+16,8546,4,4.8588e-14
7,1e+16,8546,5,1.4823e-08
7,1e+16,8546,6,0.00027328
7,1e+16,8546,7,0.99973
7,1e+16,10000,0,1.60995e-41
7,1e+16,10000,1,1.9481e-33
7,1e+16,10000,2,4.6347e-26
7,1e+16,10000,3,1.2671e-19
7,1e+16,10000,4,2.7687e-14
7,1e+16,10000,5,1.0219e-08
7,1e+16,10000,6,0.00022697
7,1e+16,10000,7,0.99977
7,1e+16,20000,0,5.46506e-44
7,1e+16,20000,1,1.6952e-35
7,1e+16,20000,2,8.9508e-28
7,1e+16,20000,3,5.2264e-21
7,1e+16,20000,4,2.6085e-15
7,1e+16,20000,5,2.2242e-09
7,1e+16,20000,6,0.00010691
7,1e+16,20000,7,0.99989
7,1e+16,50000,0,0
7,1e+16,50000,1,2.643e-38
7,1e+16,50000,2,4.0316e-30
7,1e+16,50000,3,6.5704e-23
7,1e+16,50000,4,1.0015e-16
7,1e+16,50000,5,2.6152e-10
7,1e+16,50000,6,3.774e-05
7,1e+16,50000,7,0.99996
7,1e+16,1e+05,0,0
7,1e+16,1e+05,1,1.5121e-40
7,1e+16,1e+05,2,5.2916e-32
7,1e+16,1e+05,3,1.9587e-24
7,1e+16,1e+05,4,7.2431e-18
7,1e+16,1e+05,5,4.5317e-11
7,1e+16,1e+05,6,1.5828e-05
7,1e+16,1e+05,7,0.99998
7,1e+17,0.5,0,1
7,1e+17,0.5,1,4.6115e-09
7,1e+17,0.5,2,1.8181e-30
7,1e+17,0.5,3,0
7,1e+17,0.5,4,0
7,1e+17,0.5,5,0
7,1e+17,0.5,6,0
7,1e+17,0.5,7,0
7,1e+17,1,0,0.97639
7,1e+17,1,1,0.023606
7,1e+17,1,2,1.3929e-10
7,1e+17,1,3,5.655e-27
7,1e+17,1,4,0
7,1e+17,1,5,0
7,1e+17,1,6,0
7,1e+17,1,7,0
7,1e+17,1.5,0,0.14975
7,1e+17,1.5,1,0.8501
7,1e+17,1.5,2,0.00015639
7,1e+17,1.5,3,7.1012e-14
7,1e+17,1.5,4,2.0023e-33
7,1e+17,1.5,5,0
7,1e+17,1.5,6,0
7,1e+17,1.5,7,0
7,1e+17,2,0,0.013813
7,1e+17,2,1,0.95221
7,1e+17,2,2,0.033975
7,1e+17,2,3,5.561e-08
7,1e+17,2,4,8.4703e-22
7,1e+17,2,5,1.9856e-39
7,1e+17,2,6,0
7,1e+17,2,7,0
7,1e+17,5,0,2.67e-07
7,1e+17,5,1,0.00039788
7,1e+17,5,2,0.1415
7,1e+17,5,3,0.85759
7,1e+17,5,4,0.00050965
7,1e+17,5,5,7.0266e-09
7,1e+17,5,6,0
7,1e+17,5,7,0
7,1e+17,7,0,1.3695e-09
7,1e+17,7,1,7.9768e-06
7,1e+17,7,2,0.0083624
7,1e+17,7,3,0.9195
7,1e+17,7,4,0.071858
7,1e+17,7,5,0.00026744
7,1e+17,7,6,1.2252e-35
7,1e+17,7,7,0
7,1e+17,10,0,4.9744e-12
7,1e+17,10,1,1.0632e-07
7,1e+17,10,2,0.00027477
7,1e+17,10,3,0.20063
7,1e+17,10,4,0.63721
7,1e+17,10,5,0.16188
7,1e+17,10,6,1.535e-22
7,1e+17,10,7,0
7,1e+17,15,0,2.1546e-15
7,1e+17,15,1,1.5312e-10
7,1e+17,15,2,1.0685e-06
7,1e+17,15,3,0.0023825
7,1e+17,15,4,0.1228
7,1e+17,15,5,0.87481
7,1e+17,15,6,8.6261e-14
7,1e+17,15,7,1.4794e-32
7,1e+17,23,0,3.0223e-18
7,1e+17,23,1,5.6121e-13
7,1e+17,23,2,9.7701e-09
7,1e+17,23,3,4.232e-05
7,1e+17,23,4,0.012697
7,1e+17,23,5,0.98726
7,1e+17,23,6,3.141e-08
7,1e+17,23,7,4.5211e-20
7,1e+17,32,0,7.1223e-20
7,1e+17,32,1,2.3036e-14
7,1e+17,32,2,7.3982e-10
7,1e+17,32,3,4.8279e-06
7,1e+17,32,4,0.0034198
7,1e+17,32,5,0.99655
7,1e+17,32,6,2.2067e-05
7,1e+17,32,7,1.6146e-13
7,1e+17,52,0,1.0542e-21
7,1e+17,52,1,6.2393e-16
7,1e+17,52,2,4.3046e-11
7,1e+17,52,3,5.0087e-07
7,1e+17,52,4,0.00084027
7,1e+17,52,5,0.98643
7,1e+17,52,6,0.012725
7,1e+17,52,7,4.9502e-07
7,1e+17,74,0,8.089e-23
7,1e+17,74,1,6.5946e-17
7,1e+17,74,2,7.184e-12
7,1e+17,74,3,1.2555e-07
7,1e+17,74,4,0.00033627
7,1e+17,74,5,0.78136
7,1e+17,74,6,0.21773
7,1e+17,74,7,0.00057772
7,1e+17,100,0,7.1517e-24
7,1e+17,100,1,7.1995e-18
7,1e+17,100,2,1.0795e-12
7,1e+17,100,3,2.6223e-08
7,1e+17,100,4,9.7964e-05
7,1e+17,100,5,0.33209
7,1e+17,100,6,0.64261
7,1e+17,100,7,0.025196
7,1e+17,165,0,7.37e-26
7,1e+17,165,1,9.6029e-20
7,1e+17,165,2,2.19e-14
7,1e+17,165,3,8.9172e-10
7,1e+17,165,4,5.2918e-06
7,1e+17,165,5,0.026373
7,1e+17,165,6,0.49489
7,1e+17,165,7,0.47873
7,1e+17,235,0,2.0922e-27
7,1e+17,235,1,3.2767e-21
7,1e+17,235,2,9.765e-16
7,1e+17,235,3,5.6821e-11
7,1e+17,235,4,4.5545e-07
7,1e+17,235,5,0.0029053
7,1e+17,235,6,0.17093
7,1e+17,235,7,0.82616
7,1e+17,310,0,1.3678e-28
7,1e+17,310,1,2.488e-22
7,1e+17,310,2,9.2536e-17
7,1e+17,310,3,7.1577e-12
7,1e+17,310,4,7.2558e-08
7,1e+17,310,5,0.00057866
7,1e+17,310,6,0.070618
7,1e+17,310,7,0.9288
7,1e+17,390,0,1.5373e-29
7,1e+17,390,1,3.2531e-23
7,1e+17,390,2,1.4716e-17
7,1e+17,390,3,1.4489e-12
7,1e+17,390,4,1.792e-08
7,1e+17,390,5,0.00017537
7,1e+17,390,6,0.03639
7,1e+17,390,7,0.96343
7,1e+17,475,0,2.497e-30
7,1e+17,475,1,6.1116e-24
7,1e+17,475,2,3.2896e-18
7,1e+17,475,3,3.9933e-13
7,1e+17,475,4,5.8703e-09
7,1e+17,475,5,6.9603e-05
7,1e+17,475,6,0.021813
7,1e+17,475,7,0.97812
7,1e+17,655,0,1.3523e-31
7,1e+17,655,1,4.3154e-25
7,1e+17,655,2,3.1775e-19
7,1e+17,655,3,5.4926e-14
7,1e+17,655,4,1.0901e-09
7,1e+17,655,5,1.8252e-05
7,1e+17,655,6,0.010516
7,1e+17,655,7,0.98947
7,1e+17,845,0,1.4506e-32
7,1e+17,845,1,5.8374e-26
7,1e+17,845,2,5.6047e-20
7,1e+17,845,3,1.2865e-14
7,1e+17,845,4,3.2302e-10
7,1e+17,845,5,7.0799e-06
7,1e+17,845,6,0.0063515
7,1e+17,845,7,0.99364
7,1e+17,1000,0,3.3593e-33
7,1e+17,1000,1,1.5899e-26
7,1e+17,1000,2,1.8319e-20
7,1e+17,1000,3,5.092e-15
7,1e+17,1000,4,1.5059e-10
7,1e+17,1000,5,3.9806e-06
7,1e+17,1000,6,0.0046779
7,1e+17,1000,7,0.99532
7,1e+17,1441,0,1.446e-34
7,1e+17,1441,1,9.924e-28
7,1e+17,1441,2,1.7236e-21
7,1e+17,1441,3,7.3015e-16
7,1e+17,1441,4,3.1209e-11
7,1e+17,1441,5,1.2612e-06
7,1e+17,1441,6,0.0025794
7,1e+17,1441,7,0.99742
7,1e+17,1925,0,1.2303e-35
7,1e+17,1925,1,1.1509e-28
7,1e+17,1925,2,2.7985e-22
7,1e+17,1925,3,1.6614e-16
7,1e+17,1925,4,9.577e-12
7,1e+17,1925,5,5.4344e-07
7,1e+17,1925,6,0.0016813
7,1e+17,1925,7,0.99832
7,1e+17,2454,0,1.5945e-36
7,1e+17,2454,1,1.9486e-29
7,1e+17,2454,2,6.3167e-23
7,1e+17,2454,3,4.9829e-17
7,1e+17,2454,4,3.7054e-12
7,1e+17,2454,5,2.7933e-07
7,1e+17,2454,6,0.0012019
7,1e+17,2454,7,0.9988
7,1e+17,3030,0,2.7849e-37
7,1e+17,3030,1,4.3127e-30
7,1e+17,3030,2,1.8001e-23
7,1e+17,3030,3,1.8181e-17
7,1e+17,3030,4,1.6892e-12
7,1e+17,3030,5,1.6193e-07
7,1e+17,3030,6,0.00090775
7,1e+17,3030,7,0.99909
7,1e+17,3655,0,5.863e-38
7,1e+17,3655,1,1.1238e-30
7,1e+17,3655,2,5.883e-24
7,1e+17,3655,3,7.404e-18
7,1e+17,3655,4,8.411e-13
7,1e+17,3655,5,1.0063e-07
7,1e+17,3655,6,0.00072577
7,1e+17,3655,7,0.99927
7,1e+17,4331,0,1.4312e-38
7,1e+17,4331,1,3.3333e-31
7,1e+17,4331,2,2.1437e-24
7,1e+17,4331,3,3.2904e-18
7,1e+17,4331,4,4.4846e-13
7,1e+17,4331,5,6.534e-08
7,1e+17,4331,6,0.00058079
7,1e+17,4331,7,0.99942
7,1e+17,5060,0,4.0864e-39
7,1e+17,5060,1,1.1394e-31
7,1e+17,5060,2,8.8557e-25
7,1e+17,5060,3,1.6299e-18
7,1e+17,5060,4,2.6255e-13
7,1e+17,5060,5,4.552e-08
7,1e+17,5060,6,0.00048102
7,1e+17,5060,7,0.99952
7,1e+17,5844,0,1.2258e-39
7,1e+17,5844,1,4.0962e-32
7,1e+17,5844,2,3.8226e-25
7,1e+17,5844,3,8.4018e-19
7,1e+17,5844,4,1.6021e-13
7,1e+17,5844,5,3.3115e-08
7,1e+17,5844,6,0.00041283
7,1e+17,5844,7,0.99959
7,1e+17,6685,0,4.1242e-40
7,1e+17,6685,1,1.6155e-32
7,1e+17,6685,2,1.7791e-25
7,1e+17,6685,3,4.5794e-19
7,1e+17,6685,4,1.0127e-13
7,1e+17,6685,5,2.4493e-08
7,1e+17,6685,6,0.00036146
7,1e+17,6685,7,0.99964
7,1e+17,7585,0,1.4379e-40
7,1e+17,7585,1,6.5442e-33
7,1e+17,7585,2,8.4215e-26
7,1e+17,7585,3,2.514e-19
7,1e+17,7585,4,6.3919e-14
7,1e+17,7585,5,1.792e-08
7,1e+17,7585,6,0.00030881
7,1e+17,7585,7,0.99969
7,1e+17,8546,0,5.34764e-41
7,1e+17,8546,1,2.8059e-33
7,1e+17,8546,2,4.1841e-26
7,1e+17,8546,3,1.4363e-19
7,1e+17,8546,4,4.1681e-14
7,1e+17,8546,5,1.3435e-08
7,1e+17,8546,6,0.00026719
7,1e+17,8546,7,0.99973
7,1e+17,10000,0,1.46618e-41
7,1e+17,10000,1,9.2858e-34
7,1e+17,10000,2,1.6816e-26
7,1e+17,10000,3,6.9366e-20
7,1e+17,10000,4,2.3972e-14
7,1e+17,10000,5,9.2855e-09
7,1e+17,10000,6,0.00022206
7,1e+17,10000,7,0.99978
7,1e+17,20000,0,5.32493e-44
7,1e+17,20000,1,7.8961e-36
7,1e+17,20000,2,3.3774e-28
7,1e+17,20000,3,3.122e-21
7,1e+17,20000,4,2.3498e-15
7,1e+17,20000,5,2.0456e-09
7,1e+17,20000,6,0.00010479
7,1e+17,20000,7,0.9999
7,1e+17,50000,0,0
7,1e+17,50000,1,1.1898e-38
7,1e+17,50000,2,1.5979e-30
7,1e+17,50000,3,4.3004e-23
7,1e+17,50000,4,9.3456e-17
7,1e+17,50000,5,2.4414e-10
7,1e+17,50000,6,3.7116e-05
7,1e+17,50000,7,0.99996
7,1e+17,1e+05,0,0
7,1e+17,1e+05,1,6.77864e-41
7,1e+17,1e+05,2,2.1984e-32
7,1e+17,1e+05,3,1.3581e-24
7,1e+17,1e+05,4,6.8881e-18
7,1e+17,1e+05,5,4.2769e-11
7,1e+17,1e+05,6,1.5615e-05
7,1e+17,1e+05,7,0.99998
7,1e+18,0.5,0,1
7,1e+18,0.5,1,9.2273e-10
7,1e+18,0.5,2,6.6799e-32
7,1e+18,0.5,3,0
7,1e+18,0.5,4,0
7,1e+18,0.5,5,0
7,1e+18,0.5,6,0
7,1e+18,0.5,7,0
7,1e+18,1,0,0.9959
7,1e+18,1,1,0.0040976
7,1e+18,1,2,3.7514e-12
7,1e+18,1,3,4.2478e-29
7,1e+18,1,4,0
7,1e+18,1,5,0
7,1e+18,1,6,0
7,1e+18,1,7,0
7,1e+18,1.5,0,0.53629
7,1e+18,1.5,1,0.4637
7,1e+18,1.5,2,1.3309e-05
7,1e+18,1.5,3,1.712e-15
7,1e+18,1.5,4,4.1744e-35
7,1e+18,1.5,5,0
7,1e+18,1.5,6,0
7,1e+18,1.5,7,0
7,1e+18,2,0,0.09298
7,1e+18,2,1,0.90184
7,1e+18,2,2,0.0051759
7,1e+18,2,3,2.5145e-09
7,1e+18,2,4,3.374e-23
7,1e+18,2,5,1.1379e-40
7,1e+18,2,6,0
7,1e+18,2,7,0
7,1e+18,5,0,2.5452e-05
7,1e+18,5,1,0.0066067
7,1e+18,5,2,0.32005
7,1e+18,5,3,0.67293
7,1e+18,5,4,0.00038611
7,1e+18,5,5,9.4156e-09
7,1e+18,5,6,0
7,1e+18,5,7,0
7,1e+18,7,0,1.5312e-07
7,1e+18,7,1,0.00017366
7,1e+18,7,2,0.027371
7,1e+18,7,3,0.89884
7,1e+18,7,4,0.073108
7,1e+18,7,5,0.00050847
7,1e+18,7,6,5.66e-35
7,1e+18,7,7,0
7,1e+18,10,0,3.8514e-10
7,1e+18,10,1,1.5382e-06
7,1e+18,10,2,0.0010291
7,1e+18,10,3,0.15211
7,1e+18,10,4,0.56291
7,1e+18,10,5,0.28396
7,1e+18,10,6,6.3642e-22
7,1e+18,10,7,0
7,1e+18,15,0,4.5462e-14
7,1e+18,15,1,7.1829e-10
7,1e+18,15,2,2.2502e-06
7,1e+18,15,3,0.0010176
7,1e+18,15,4,0.064737
7,1e+18,15,5,0.93424
7,1e+18,15,6,2.18e-13
7,1e+18,15,7,4.7736e-32
7,1e+18,23,0,2.026e-17
7,1e+18,23,1,1.0647e-12
7,1e+18,23,2,1.2477e-08
7,1e+18,23,3,1.8429e-05
7,1e+18,23,4,0.0069097
7,1e+18,23,5,0.99307
7,1e+18,23,6,7.1976e-08
7,1e+18,23,7,1.2597e-19
7,1e+18,32,0,2.3549e-19
7,1e+18,32,1,2.6602e-14
7,1e+18,32,2,7.2415e-10
7,1e+18,32,3,2.4266e-06
7,1e+18,32,4,0.0022866
7,1e+18,32,5,0.99766
7,1e+18,32,6,4.7407e-05
7,1e+18,32,7,4.0944e-13
7,1e+18,52,0,1.5363e-21
7,1e+18,52,1,4.3335e-16
7,1e+18,52,2,3.1909e-11
7,1e+18,52,3,2.7713e-07
7,1e+18,52,4,0.00071323
7,1e+18,52,5,0.97453
7,1e+18,52,6,0.024756
7,1e+18,52,7,1.1015e-06
7,1e+18,74,0,6.6969e-23
7,1e+18,74,1,3.2204e-17
7,1e+18,74,2,4.125e-12
7,1e+18,74,3,6.0041e-08
7,1e+18,74,4,0.00025935
7,1e+18,74,5,0.65929
7,1e+18,74,6,0.33944
7,1e+18,74,7,0.0010142
7,1e+18,100,0,3.7483e-24
7,1e+18,100,1,2.6183e-18
7,1e+18,100,2,4.8023e-13
7,1e+18,100,3,9.782e-09
7,1e+18,100,4,5.7225e-05
7,1e+18,100,5,0.22182
7,1e+18,100,6,0.74556
7,1e+18,100,7,0.032568
7,1e+18,165,0,3.0431e-26
7,1e+18,165,1,3.4196e-20
7,1e+18,165,2,9.4728e-15
7,1e+18,165,3,2.9515e-10
7,1e+18,165,4,2.4825e-06
7,1e+18,165,5,0.016461
7,1e+18,165,6,0.47689
7,1e+18,165,7,0.50665
7,1e+18,235,0,8.8587e-28
7,1e+18,235,1,1.3185e-21
7,1e+18,235,2,4.6031e-16
7,1e+18,235,3,1.8882e-11
7,1e+18,235,4,2.0759e-07
7,1e+18,235,5,0.0019076
7,1e+18,235,6,0.15949
7,1e+18,235,7,0.8386
7,1e+18,310,0,6.1365e-29
7,1e+18,310,1,1.1198e-22
7,1e+18,310,2,4.712e-17
7,1e+18,310,3,2.4328e-12
7,1e+18,310,4,3.3827e-08
7,1e+18,310,5,0.00040232
7,1e+18,310,6,0.065736
7,1e+18,310,7,0.93386
7,1e+18,390,0,7.3047e-30
7,1e+18,390,1,1.5929e-23
7,1e+18,390,2,7.9088e-18
7,1e+18,390,3,5.0188e-13
7,1e+18,390,4,8.5997e-09
7,1e+18,390,5,0.00012752
7,1e+18,390,6,0.033973
7,1e+18,390,7,0.9659
7,1e+18,475,0,1.2457e-30
7,1e+18,475,1,3.1891e-24
7,1e+18,475,2,1.8362e-18
7,1e+18,475,3,1.4044e-13
7,1e+18,475,4,2.9024e-09
7,1e+18,475,5,5.2426e-05
7,1e+18,475,6,0.020433
7,1e+18,475,7,0.97951
7,1e+18,655,0,7.3522e-32
7,1e+18,655,1,2.4837e-25
7,1e+18,655,2,1.8768e-19
7,1e+18,655,3,1.9966e-14
7,1e+18,655,4,5.6907e-10
7,1e+18,655,5,1.4428e-05
7,1e+18,655,6,0.0099068
7,1e+18,655,7,0.99008
7,1e+18,845,0,8.3072e-33
7,1e+18,845,1,3.5436e-26
7,1e+18,845,2,3.3851e-20
7,1e+18,845,3,4.7195e-15
7,1e+18,845,4,1.7415e-10
7,1e+18,845,5,5.7736e-06
7,1e+18,845,6,0.0060057
7,1e+18,845,7,0.99399
7,1e+18,1000,0,1.9884e-33
7,1e+18,1000,1,9.9571e-27
7,1e+18,1000,2,1.1192e-20
7,1e+18,1000,3,1.8841e-15
7,1e+18,1000,4,8.2888e-11
7,1e+18,1000,5,3.2999e-06
7,1e+18,1000,6,0.0044325
7,1e+18,1000,7,0.99556
7,1e+18,1441,0,9.1986e-35
7,1e+18,1441,1,6.6148e-28
7,1e+18,1441,2,1.0765e-21
7,1e+18,1441,3,2.7678e-16
7,1e+18,1441,4,1.7987e-11
7,1e+18,1441,5,1.0765e-06
7,1e+18,1441,6,0.0024534
7,1e+18,1441,7,0.99755
7,1e+18,1925,0,8.2727e-36
7,1e+18,1925,1,8.0153e-29
7,1e+18,1925,2,1.7727e-22
7,1e+18,1925,3,6.4325e-17
7,1e+18,1925,4,5.7123e-12
7,1e+18,1925,5,4.7254e-07
7,1e+18,1925,6,0.0016033
7,1e+18,1925,7,0.9984
7,1e+18,2454,0,1.1211e-36
7,1e+18,2454,1,1.4031e-29
7,1e+18,2454,2,4.0407e-23
7,1e+18,2454,3,1.9654e-17
7,1e+18,2454,4,2.2701e-12
7,1e+18,2454,5,2.459e-07
7,1e+18,2454,6,0.0011481
7,1e+18,2454,7,0.99885
7,1e+18,3030,0,2.0287e-37
7,1e+18,3030,1,3.1833e-30
7,1e+18,3030,2,1.1577e-23
7,1e+18,3030,3,7.2754e-18
7,1e+18,3030,4,1.0556e-12
7,1e+18,3030,5,1.4371e-07
7,1e+18,3030,6,0.00086857
7,1e+18,3030,7,0.99913
7,1e+18,3655,0,4.4071e-38
7,1e+18,3655,1,8.476e-31
7,1e+18,3655,2,3.8021e-24
7,1e+18,3655,3,3.0098e-18
7,1e+18,3655,4,5.3592e-13
7,1e+18,3655,5,8.9929e-08
7,1e+18,3655,6,0.00069469
7,1e+18,3655,7,0.99931
7,1e+18,4331,0,1.1038e-38
7,1e+18,4331,1,2.5564e-31
7,1e+18,4331,2,1.3884e-24
7,1e+18,4331,3,1.3549e-18
7,1e+18,4331,4,2.9038e-13
7,1e+18,4331,5,5.8724e-08
7,1e+18,4331,6,0.00055697
7,1e+18,4331,7,0.99944
7,1e+18,5060,0,3.213e-39
7,1e+18,5060,1,8.8351e-32
7,1e+18,5060,2,5.724e-25
7,1e+18,5060,3,6.7691e-19
7,1e+18,5060,4,1.7191e-13
7,1e+18,5060,5,4.1038e-08
7,1e+18,5060,6,0.00046171
7,1e+18,5060,7,0.99954
7,1e+18,5844,0,9.8979e-40
7,1e+18,5844,1,3.2364e-32
7,1e+18,5844,2,2.4944e-25
7,1e+18,5844,3,3.5363e-19
7,1e+18,5844,4,1.0616e-13
7,1e+18,5844,5,2.9901e-08
7,1e+18,5844,6,0.0003962
7,1e+18,5844,7,0.9996
7,1e+18,6685,0,3.388e-40
7,1e+18,6685,1,1.2895e-32
7,1e+18,6685,2,1.1607e-25
7,1e+18,6685,3,1.9455e-19
7,1e+18,6685,4,6.7775e-14
7,1e+18,6685,5,2.2159e-08
7,1e+18,6685,6,0.00034684
7,1e+18,6685,7,0.99965
7,1e+18,7585,0,1.2015e-40
7,1e+18,7585,1,5.2783e-33
7,1e+18,7585,2,5.4996e-26
7,1e+18,7585,3,1.0789e-19
7,1e+18,7585,4,4.3234e-14
7,1e+18,7585,5,1.6255e-08
7,1e+18,7585,6,0.00029666
7,1e+18,7585,7,0.9997
7,1e+18,8546,0,4.53951e-41
7,1e+18,8546,1,2.285e-33
7,1e+18,8546,2,2.7347e-26
7,1e+18,8546,3,6.225e-20
7,1e+18,8546,4,2.8476e-14
7,1e+18,8546,5,1.2213e-08
7,1e+18,8546,6,0.00025691
7,1e+18,8546,7,0.99974
7,1e+18,10000,0,1.27042e-41
7,1e+18,10000,1,7.6567e-34
7,1e+18,10000,2,1.1005e-26
7,1e+18,10000,3,3.047e-20
7,1e+18,10000,4,1.6597e-14
7,1e+18,10000,5,8.4622e-09
7,1e+18,10000,6,0.00021372
7,1e+18,10000,7,0.99979
7,1e+18,20000,0,5.04467e-44
7,1e+18,20000,1,6.875e-36
7,1e+18,20000,2,2.2309e-28
7,1e+18,20000,3,1.4654e-21
7,1e+18,20000,4,1.7286e-15
7,1e+18,20000,5,1.8801e-09
7,1e+18,20000,6,0.00010108
7,1e+18,20000,7,0.9999
7,1e+18,50000,0,0
7,1e+18,50000,1,1.1159e-38
7,1e+18,50000,2,1.0828e-30
7,1e+18,50000,3,2.2366e-23
7,1e+18,50000,4,7.4326e-17
7,1e+18,50000,5,2.2704e-10
7,1e+18,50000,6,3.6006e-05
7,1e+18,50000,7,0.99996
7,1e+18,1e+05,0,0
7,1e+18,1e+05,1,6.84338e-41
7,1e+18,1e+05,2,1.5572e-32
7,1e+18,1e+05,3,7.7459e-25
7,1e+18,1e+05,4,5.7907e-18
7,1e+18,1e+05,5,4.0159e-11
7,1e+18,1e+05,6,1.5235e-05
7,1e+18,1e+05,7,0.99998
7,1e+19,0.5,0,1
7,1e+19,0.5,1,1.9748e-10
7,1e+19,0.5,2,4.7298e-33
7,1e+19,0.5,3,0
7,1e+19,0.5,4,0
7,1e+19,0.5,5,0
7,1e+19,0.5,6,0
7,1e+19,0.5,7,0
7,1e+19,1,0,0.99941
7,1e+19,1,1,0.00058937
7,1e+19,1,2,9.3715e-14
7,1e+19,1,3,2.3166e-31
7,1e+19,1,4,0
7,1e+19,1,5,0
7,1e+19,1,6,0
7,1e+19,1,7,0
7,1e+19,1.5,0,0.89949
7,1e+19,1.5,1,0.10051
7,1e+19,1.5,2,4.0619e-07
7,1e+19,1.5,3,8.6544e-18
7,1e+19,1.5,4,5.4171e-38
7,1e+19,1.5,5,0
7,1e+19,1.5,6,0
7,1e+19,1.5,7,0
7,1e+19,2,0,0.38764
7,1e+19,2,1,0.6119
7,1e+19,2,2,0.00046736
7,1e+19,2,3,3.5021e-11
7,1e+19,2,4,1.1602e-25
7,1e+19,2,5,1.21913e-43
7,1e+19,2,6,0
7,1e+19,2,7,0
7,1e+19,5,0,0.0022843
7,1e+19,5,1,0.092699
7,1e+19,5,2,0.70006
7,1e+19,5,3,0.20493
7,1e+19,5,4,3.0273e-05
7,1e+19,5,5,2.7502e-10
7,1e+19,5,6,0
7,1e+19,5,7,0
7,1e+19,7,0,5.3376e-05
7,1e+19,7,1,0.006447
7,1e+19,7,2,0.18453
7,1e+19,7,3,0.79121
7,1e+19,7,4,0.017711
7,1e+19,7,5,5.0099e-05
7,1e+19,7,6,5.8793e-36
7,1e+19,7,7,0
7,1e+19,10,0,4.2073e-07
7,1e+19,10,1,0.00018254
7,1e+19,10,2,0.023189
7,1e+19,10,3,0.42718
7,1e+19,10,4,0.44976
7,1e+19,10,5,0.099689
7,1e+19,10,6,2.509e-22
7,1e+19,10,7,0
7,1e+19,15,0,9.4722e-11
7,1e+19,15,1,1.9514e-07
7,1e+19,15,2,0.00010118
7,1e+19,15,3,0.0082623
7,1e+19,15,4,0.1358
7,1e+19,15,5,0.85584
7,1e+19,15,6,2.501e-13
7,1e+19,15,7,9.1456e-32
7,1e+19,23,0,3.0155e-14
7,1e+19,23,1,2.2117e-10
7,1e+19,23,2,4.667e-07
7,1e+19,23,3,0.00021148
7,1e+19,23,4,0.024216
7,1e+19,23,5,0.97557
7,1e+19,23,6,1.0289e-07
7,1e+19,23,7,2.7913e-19
7,1e+19,32,0,2.0728e-16
7,1e+19,32,1,3.8386e-12
7,1e+19,32,2,1.9553e-08
7,1e+19,32,3,2.6827e-05
7,1e+19,32,4,0.010641
7,1e+19,32,5,0.98926
7,1e+19,32,6,7.6042e-05
7,1e+19,32,7,9.6661e-13
7,1e+19,52,0,5.78e-19
7,1e+19,52,1,3.0135e-14
7,1e+19,52,2,5.0729e-10
7,1e+19,52,3,2.4836e-06
7,1e+19,52,4,0.0040514
7,1e+19,52,5,0.9528
7,1e+19,52,6,0.043147
7,1e+19,52,7,2.6496e-06
7,1e+19,74,0,1.0317e-20
7,1e+19,74,1,1.026e-15
7,1e+19,74,2,3.5378e-11
7,1e+19,74,3,3.5068e-07
7,1e+19,74,4,0.0011935
7,1e+19,74,5,0.51546
7,1e+19,74,6,0.48143
7,1e+19,74,7,0.0019132
7,1e+19,100,0,2.58e-22
7,1e+19,100,1,4.0135e-17
7,1e+19,100,2,2.319e-12
7,1e+19,100,3,3.6667e-08
7,1e+19,100,4,0.00019015
7,1e+19,100,5,0.13989
7,1e+19,100,6,0.8139
7,1e+19,100,7,0.046015
7,1e+19,165,0,7.9947e-25
7,1e+19,165,1,2.2584e-19
7,1e+19,165,2,2.6095e-14
7,1e+19,165,3,7.1998e-10
7,1e+19,165,4,5.5147e-06
7,1e+19,165,5,0.010445
7,1e+19,165,6,0.42737
7,1e+19,165,7,0.56218
7,1e+19,235,0,1.4746e-26
7,1e+19,235,1,6.0609e-21
7,1e+19,235,2,1.0555e-15
7,1e+19,235,3,3.9583e-11
7,1e+19,235,4,3.7533e-07
7,1e+19,235,5,0.0013586
7,1e+19,235,6,0.13752
7,1e+19,235,7,0.86112
7,1e+19,310,0,7.8824e-28
7,1e+19,310,1,4.2965e-22
7,1e+19,310,2,1.0055e-16
7,1e+19,310,3,4.2292e-12
7,1e+19,310,4,5.5094e-08
7,1e+19,310,5,0.00031866
7,1e+19,310,6,0.057666
7,1e+19,310,7,0.94202
7,1e+19,390,0,8.0427e-29
7,1e+19,390,1,5.5442e-23
7,1e+19,390,2,1.6543e-17
7,1e+19,390,3,8.7084e-13
7,1e+19,390,4,1.3153e-08
7,1e+19,390,5,0.0001094
7,1e+19,390,6,0.030561
7,1e+19,390,7,0.96933
7,1e+19,475,0,1.2289e-29
7,1e+19,475,1,1.0387e-23
7,1e+19,475,2,3.8074e-18
7,1e+19,475,3,2.4289e-13
7,1e+19,475,4,4.2547e-09
7,1e+19,475,5,4.7573e-05
7,1e+19,475,6,0.018811
7,1e+19,475,7,0.98114
7,1e+19,655,0,6.3178e-31
7,1e+19,655,1,7.5193e-25
7,1e+19,655,2,3.8769e-19
7,1e+19,655,3,3.4243e-14
7,1e+19,655,4,7.9302e-10
7,1e+19,655,5,1.4039e-05
7,1e+19,655,6,0.0094307
7,1e+19,655,7,0.99056
7,1e+19,845,0,6.5071e-32
7,1e+19,845,1,1.0223e-25
7,1e+19,845,2,6.9476e-20
7,1e+19,845,3,7.9453e-15
7,1e+19,845,4,2.336e-10
7,1e+19,845,5,5.8461e-06
7,1e+19,845,6,0.0058331
7,1e+19,845,7,0.99416
7,1e+19,1000,0,1.4764e-32
7,1e+19,1000,1,2.7957e-26
7,1e+19,1000,2,2.2863e-20
7,1e+19,1000,3,3.1294e-15
7,1e+19,1000,4,1.0879e-10
7,1e+19,1000,5,3.3983e-06
7,1e+19,1000,6,0.00435
7,1e+19,1000,7,0.99565
7,1e+19,1441,0,6.1669e-34
7,1e+19,1441,1,1.765e-27
7,1e+19,1441,2,2.1712e-21
7,1e+19,1441,3,4.4398e-16
7,1e+19,1441,4,2.265e-11
7,1e+19,1441,5,1.1345e-06
7,1e+19,1441,6,0.0024395
7,1e+19,1441,7,0.99756
7,1e+19,1925,0,5.1656e-35
7,1e+19,1925,1,2.0662e-28
7,1e+19,1925,2,3.5356e-22
7,1e+19,1925,3,1.0007e-16
7,1e+19,1925,4,6.9779e-12
7,1e+19,1925,5,5.0279e-07
7,1e+19,1925,6,0.0016018
7,1e+19,1925,7,0.9984
7,1e+19,2454,0,6.6036e-36
7,1e+19,2454,1,3.5138e-29
7,1e+19,2454,2,7.9593e-23
7,1e+19,2454,3,2.97e-17
7,1e+19,2454,4,2.7002e-12
7,1e+19,2454,5,2.6208e-07
7,1e+19,2454,6,0.0011477
7,1e+19,2454,7,0.99885
7,1e+19,3030,0,1.1342e-36
7,1e+19,3030,1,7.7607e-30
7,1e+19,3030,2,2.249e-23
7,1e+19,3030,3,1.068e-17
7,1e+19,3030,4,1.223e-12
7,1e+19,3030,5,1.5233e-07
7,1e+19,3030,6,0.00086797
7,1e+19,3030,7,0.99913
7,1e+19,3655,0,2.3525e-37
7,1e+19,3655,1,2.0189e-30
7,1e+19,3655,2,7.2929e-24
7,1e+19,3655,3,4.3132e-18
7,1e+19,3655,4,6.0847e-13
7,1e+19,3655,5,9.5385e-08
7,1e+19,3655,6,0.00069135
7,1e+19,3655,7,0.99931
7,1e+19,4331,0,5.6452e-38
7,1e+19,4331,1,5.9601e-31
7,1e+19,4331,2,2.6313e-24
7,1e+19,4331,3,1.8977e-18
7,1e+19,4331,4,3.238e-13
7,1e+19,4331,5,6.2077e-08
7,1e+19,4331,6,0.00055467
7,1e+19,4331,7,0.99945
7,1e+19,5060,0,1.5731e-38
7,1e+19,5060,1,2.012e-31
7,1e+19,5060,2,1.0687e-24
7,1e+19,5060,3,9.2483e-19
7,1e+19,5060,4,1.8776e-13
7,1e+19,5060,5,4.2945e-08
7,1e+19,5060,6,0.00045883
7,1e+19,5060,7,0.99954
7,1e+19,5844,0,4.7115e-39
7,1e+19,5844,1,7.2513e-32
7,1e+19,5844,2,4.6037e-25
7,1e+19,5844,3,4.7485e-19
7,1e+19,5844,4,1.1431e-13
7,1e+19,5844,5,3.102e-08
7,1e+19,5844,6,0.00039176
7,1e+19,5844,7,0.99961
7,1e+19,6685,0,1.5514e-39
7,1e+19,6685,1,2.8284e-32
7,1e+19,6685,2,2.1115e-25
7,1e+19,6685,3,2.5579e-19
7,1e+19,6685,4,7.1823e-14
7,1e+19,6685,5,2.2924e-08
7,1e+19,6685,6,0.0003414
7,1e+19,6685,7,0.99966
7,1e+19,7585,0,5.31021e-40
7,1e+19,7585,1,1.1363e-32
7,1e+19,7585,2,9.8834e-26
7,1e+19,7585,3,1.3925e-19
7,1e+19,7585,4,4.5209e-14
7,1e+19,7585,5,1.678e-08
7,1e+19,7585,6,0.00029194
7,1e+19,7585,7,0.99971
7,1e+19,8546,0,1.9398e-40
7,1e+19,8546,1,4.8333e-33
7,1e+19,8546,2,4.8585e-26
7,1e+19,8546,3,7.8952e-20
7,1e+19,8546,4,2.941e-14
7,1e+19,8546,5,1.2573e-08
7,1e+19,8546,6,0.00025265
7,1e+19,8546,7,0.99975
7,1e+19,10000,0,5.19125e-41
7,1e+19,10000,1,1.5825e-33
7,1e+19,10000,2,1.9259e-26
7,1e+19,10000,3,3.7763e-20
7,1e+19,10000,4,1.6871e-14
7,1e+19,10000,5,8.6715e-09
7,1e+19,10000,6,0.00020986
7,1e+19,10000,7,0.99979
7,1e+19,20000,0,1.7236e-43
7,1e+19,20000,1,1.2907e-35
7,1e+19,20000,2,3.672e-28
7,1e+19,20000,3,1.6456e-21
7,1e+19,20000,4,1.6515e-15
7,1e+19,20000,5,1.8766e-09
7,1e+19,20000,6,9.8089e-05
7,1e+19,20000,7,0.9999
7,1e+19,50000,0,0
7,1e+19,50000,1,1.8918e-38
7,1e+19,50000,2,1.6673e-30
7,1e+19,50000,3,2.2505e-23
7,1e+19,50000,4,6.7663e-17
7,1e+19,50000,5,2.262e-10
7,1e+19,50000,6,3.4893e-05
7,1e+19,50000,7,0.99997
7,1e+19,1e+05,0,0
7,1e+19,1e+05,1,1.12271e-40
7,1e+19,1e+05,2,2.3583e-32
7,1e+19,1e+05,3,7.4045e-25
7,1e+19,1e+05,4,5.2349e-18
7,1e+19,1e+05,5,4.0407e-11
7,1e+19,1e+05,6,1.4862e-05
7,1e+19,1e+05,7,0.99999
7,1e+20,0.5,0,1
7,1e+20,0.5,1,1.0455e-10
7,1e+20,0.5,2,3.7377e-33
7,1e+20,0.5,3,0
7,1e+20,0.5,4,0
7,1e+20,0.5,5,0
7,1e+20,0.5,6,0
7,1e+20,0.5,7,0
7,1e+20,1,0,0.99987
7,1e+20,1,1,0.00012825
7,1e+20,1,2,7.4436e-15
7,1e+20,1,3,1.0414e-32
7,1e+20,1,4,0
7,1e+20,1,5,0
7,1e+20,1,6,0
7,1e+20,1,7,0
7,1e+20,1.5,0,0.98212
7,1e+20,1.5,1,0.017881
7,1e+20,1.5,2,1.6328e-08
7,1e+20,1.5,3,1.05e-19
7,1e+20,1.5,4,2.59151e-40
7,1e+20,1.5,5,0
7,1e+20,1.5,6,0
7,1e+20,1.5,7,0
7,1e+20,2,0,0.80531
7,1e+20,2,1,0.19466
7,1e+20,2,2,2.6464e-05
7,1e+20,2,3,4.3565e-13
7,1e+20,2,4,3.8765e-28
7,1e+20,2,5,0
7,1e+20,2,6,0
7,1e+20,2,7,0
7,1e+20,5,0,0.061383
7,1e+20,5,1,0.37974
7,1e+20,5,2,0.53647
7,1e+20,5,3,0.0224
7,1e+20,5,4,5.1707e-07
7,1e+20,5,5,8.4799e-13
7,1e+20,5,6,0
7,1e+20,5,7,0
7,1e+20,7,0,0.0079223
7,1e+20,7,1,0.094601
7,1e+20,7,2,0.52038
7,1e+20,7,3,0.37588
7,1e+20,7,4,0.0012191
7,1e+20,7,5,5.7459e-07
7,1e+20,7,6,2.4983e-38
7,1e+20,7,7,0
7,1e+20,10,0,0.00025905
7,1e+20,10,1,0.010332
7,1e+20,10,2,0.18582
7,1e+20,10,3,0.69511
7,1e+20,10,4,0.10478
7,1e+20,10,5,0.0037024
7,1e+20,10,6,3.2803e-24
7,1e+20,10,7,0
7,1e+20,15,0,8.4845e-07
7,1e+20,15,1,0.00019632
7,1e+20,15,2,0.010206
7,1e+20,15,3,0.15745
7,1e+20,15,4,0.42857
7,1e+20,15,5,0.40358
7,1e+20,15,6,4.2983e-14
7,1e+20,15,7,3.7429e-32
7,1e+20,23,0,6.2683e-10
7,1e+20,23,1,4.5753e-07
7,1e+20,23,2,0.00010499
7,1e+20,23,3,0.0063184
7,1e+20,23,4,0.14314
7,1e+20,23,5,0.85044
7,1e+20,23,6,3.9421e-08
7,1e+20,23,7,2.3496e-19
7,1e+20,32,0,3.9946e-12
7,1e+20,32,1,9.4783e-09
7,1e+20,32,2,4.897e-06
7,1e+20,32,3,0.00098612
7,1e+20,32,4,0.085011
7,1e+20,32,5,0.91396
7,1e+20,32,6,3.8534e-05
7,1e+20,32,7,1.0178e-12
7,1e+20,52,0,1.0937e-14
7,1e+20,52,1,6.0812e-11
7,1e+20,52,2,1.3072e-07
7,1e+20,52,3,9.1701e-05
7,1e+20,52,4,0.036274
7,1e+20,52,5,0.932
7,1e+20,52,6,0.031631
7,1e+20,52,7,3.7429e-06
7,1e+20,74,0,1.3582e-16
7,1e+20,74,1,1.5836e-12
7,1e+20,74,2,7.5333e-09
7,1e+20,74,3,1.433e-05
7,1e+20,74,4,0.011408
7,1e+20,74,5,0.53987
7,1e+20,74,6,0.44547
7,1e+20,74,7,0.0032438
7,1e+20,100,0,1.7718e-18
7,1e+20,100,1,3.6145e-14
7,1e+20,100,2,3.3763e-10
7,1e+20,100,3,1.1288e-06
7,1e+20,100,4,0.0016412
7,1e+20,100,5,0.14735
7,1e+20,100,6,0.77412
7,1e+20,100,7,0.076891
7,1e+20,165,0,1.1923e-21
7,1e+20,165,1,5.5809e-17
7,1e+20,165,2,1.2843e-12
7,1e+20,165,3,1.0206e-08
7,1e+20,165,4,2.9828e-05
7,1e+20,165,5,0.010781
7,1e+20,165,6,0.31766
7,1e+20,165,7,0.67153
7,1e+20,235,0,9.5345e-24
7,1e+20,235,1,7.4072e-19
7,1e+20,235,2,2.8039e-14
7,1e+20,235,3,3.924e-10
7,1e+20,235,4,1.6425e-06
7,1e+20,235,5,0.0016596
7,1e+20,235,6,0.10169
7,1e+20,235,7,0.89665
7,1e+20,310,0,3.2613e-25
7,1e+20,310,1,3.8084e-20
7,1e+20,310,2,1.9695e-15
7,1e+20,310,3,4.2655e-11
7,1e+20,310,4,2.2352e-07
7,1e+20,310,5,0.00048005
7,1e+20,310,6,0.047699
7,1e+20,310,7,0.95182
7,1e+20,390,0,2.5363e-26
7,1e+20,390,1,3.9117e-21
7,1e+20,390,2,2.6888e-16
7,1e+20,390,3,7.8441e-12
7,1e+20,390,4,5.1462e-08
7,1e+20,390,5,0.00019984
7,1e+20,390,6,0.027478
7,1e+20,390,7,0.97232
7,1e+20,475,0,3.1695e-27
7,1e+20,475,1,6.5043e-22
7,1e+20,475,2,5.4543e-17
7,1e+20,475,3,2.0268e-12
7,1e+20,475,4,1.6259e-08
7,1e+20,475,5,0.00010309
7,1e+20,475,6,0.019178
7,1e+20,475,7,0.98072
7,1e+20,655,0,1.3384e-28
7,1e+20,655,1,3.8692e-23
7,1e+20,655,2,4.7807e-18
7,1e+20,655,3,2.6027e-13
7,1e+20,655,4,2.9502e-09
7,1e+20,655,5,3.6058e-05
7,1e+20,655,6,0.012177
7,1e+20,655,7,0.98779
7,1e+20,845,0,1.2036e-29
7,1e+20,845,1,4.6462e-24
7,1e+20,845,2,7.8092e-19
7,1e+20,845,3,5.6761e-14
7,1e+20,845,4,8.5402e-10
7,1e+20,845,5,1.9623e-05
7,1e+20,845,6,0.0086192
7,1e+20,845,7,0.99136
7,1e+20,1000,0,2.5224e-30
7,1e+20,1000,1,1.1891e-24
7,1e+20,1000,2,2.455e-19
7,1e+20,1000,3,2.1611e-14
7,1e+20,1000,4,3.9428e-10
7,1e+20,1000,5,1.1444e-05
7,1e+20,1000,6,0.007156
7,1e+20,1000,7,0.99283
7,1e+20,1441,0,9.5321e-32
7,1e+20,1441,1,6.6743e-26
7,1e+20,1441,2,2.161e-20
7,1e+20,1441,3,2.8799e-15
7,1e+20,1441,4,8.0795e-11
7,1e+20,1441,5,3.804e-06
7,1e+20,1441,6,0.0048505
7,1e+20,1441,7,0.99515
7,1e+20,1925,0,7.6581e-33
7,1e+20,1925,1,7.2126e-27
7,1e+20,1925,2,3.3509e-21
7,1e+20,1925,3,6.1916e-16
7,1e+20,1925,4,2.4542e-11
7,1e+20,1925,5,1.6614e-06
7,1e+20,1925,6,0.0031789
7,1e+20,1925,7,0.99682
7,1e+20,2454,0,9.1514e-34
7,1e+20,2454,1,1.1487e-27
7,1e+20,2454,2,7.2476e-22
7,1e+20,2454,3,1.7625e-16
7,1e+20,2454,4,9.3431e-12
7,1e+20,2454,5,8.4743e-07
7,1e+20,2454,6,0.0022446
7,1e+20,2454,7,0.99775
7,1e+20,3030,0,1.4825e-34
7,1e+20,3030,1,2.3948e-28
7,1e+20,3030,2,1.9755e-22
7,1e+20,3030,3,6.0931e-17
7,1e+20,3030,4,4.1509e-12
7,1e+20,3030,5,4.7818e-07
7,1e+20,3030,6,0.0016653
7,1e+20,3030,7,0.99833
7,1e+20,3655,0,2.9174e-35
7,1e+20,3655,1,5.9118e-29
7,1e+20,3655,2,6.1664e-23
7,1e+20,3655,3,2.3252e-17
7,1e+20,3655,4,2.0294e-12
7,1e+20,3655,5,2.933e-07
7,1e+20,3655,6,0.0012871
7,1e+20,3655,7,0.99871
7,1e+20,4331,0,6.7297e-36
7,1e+20,4331,1,1.6782e-29
7,1e+20,4331,2,2.1786e-23
7,1e+20,4331,3,1.0012e-17
7,1e+20,4331,4,1.0658e-12
7,1e+20,4331,5,1.8665e-07
7,1e+20,4331,6,0.0010159
7,1e+20,4331,7,0.99898
7,1e+20,5060,0,1.8011e-36
7,1e+20,5060,1,5.4433e-30
7,1e+20,5060,2,8.6464e-24
7,1e+20,5060,3,4.7543e-18
7,1e+20,5060,4,6.0673e-13
7,1e+20,5060,5,1.2487e-07
7,1e+20,5060,6,0.00082132
7,1e+20,5060,7,0.99918
7,1e+20,5844,0,5.22e-37
7,1e+20,5844,1,1.8977e-30
7,1e+20,5844,2,3.6463e-24
7,1e+20,5844,3,2.3984e-18
7,1e+20,5844,4,3.6474e-13
7,1e+20,5844,5,8.777e-08
7,1e+20,5844,6,0.00068022
7,1e+20,5844,7,0.99932
7,1e+20,6685,0,1.6548e-37
7,1e+20,6685,1,7.1283e-31
7,1e+20,6685,2,1.6344e-24
7,1e+20,6685,3,1.2649e-18
7,1e+20,6685,4,2.2579e-13
7,1e+20,6685,5,6.3737e-08
7,1e+20,6685,6,0.00057364
7,1e+20,6685,7,0.99943
7,1e+20,7585,0,5.4747e-38
7,1e+20,7585,1,2.7697e-31
7,1e+20,7585,2,7.502e-25
7,1e+20,7585,3,6.7603e-19
7,1e+20,7585,4,1.4028e-13
7,1e+20,7585,5,4.5847e-08
7,1e+20,7585,6,0.00048321
7,1e+20,7585,7,0.99952
7,1e+20,8546,0,1.937e-38
7,1e+20,8546,1,1.142e-31
7,1e+20,8546,2,3.6227e-25
7,1e+20,8546,3,3.7667e-19
7,1e+20,8546,4,9.0103e-14
7,1e+20,8546,5,3.3713e-08
7,1e+20,8546,6,0.00041163
7,1e+20,8546,7,0.99959
7,1e+20,10000,0,4.972e-39
7,1e+20,10000,1,3.5919e-32
7,1e+20,10000,2,1.4043e-25
7,1e+20,10000,3,1.7613e-19
7,1e+20,10000,4,5.08e-14
7,1e+20,10000,5,2.2613e-08
7,1e+20,10000,6,0.00033415
7,1e+20,10000,7,0.99967
7,1e+20,20000,0,1.37874e-41
7,1e+20,20000,1,2.4859e-34
7,1e+20,20000,2,2.4746e-27
7,1e+20,20000,3,7.0066e-21
7,1e+20,20000,4,4.5939e-15
7,1e+20,20000,5,4.1739e-09
7,1e+20,20000,6,0.00013832
7,1e+20,20000,7,0.99986
7,1e+20,50000,0,4.2039e-45
7,1e+20,50000,1,2.9318e-37
7,1e+20,50000,2,1.0218e-29
7,1e+20,50000,3,8.8015e-23
7,1e+20,50000,4,1.7392e-16
7,1e+20,50000,5,4.4217e-10
7,1e+20,50000,6,4.4229e-05
7,1e+20,50000,7,0.99996
7,1e+20,1e+05,0,0
7,1e+20,1e+05,1,1.4991e-39
7,1e+20,1e+05,2,1.3622e-31
7,1e+20,1e+05,3,2.7606e-24
7,1e+20,1e+05,4,1.2796e-17
7,1e+20,1e+05,5,7.4855e-11
7,1e+20,1e+05,6,1.8158e-05
7,1e+20,1e+05,7,0.99998
7,1e+21,0.5,0,1
7,1e+21,0.5,1,4.2439e-10
7,1e+21,0.5,2,5.6826e-31
7,1e+21,0.5,3,0
7,1e+21,0.5,4,0
7,1e+21,0.5,5,0
7,1e+21,0.5,6,0
7,1e+21,0.5,7,0
7,1e+21,1,0,0.99992
7,1e+21,1,1,7.7525e-05
7,1e+21,1,2,8.3382e-15
7,1e+21,1,3,5.5099e-32
7,1e+21,1,4,0
7,1e+21,1,5,0
7,1e+21,1,6,0
7,1e+21,1,7,0
7,1e+21,1.5,0,0.99424
7,1e+21,1.5,1,0.0057636
7,1e+21,1.5,2,3.5456e-09
7,1e+21,1.5,3,2.8748e-20
7,1e+21,1.5,4,1.5632e-40
7,1e+21,1.5,5,0
7,1e+21,1.5,6,0
7,1e+21,1.5,7,0
7,1e+21,2,0,0.94761
7,1e+21,2,1,0.052383
7,1e+21,2,2,2.8376e-06
7,1e+21,2,3,2.9688e-14
7,1e+21,2,4,2.5481e-29
7,1e+21,2,5,0
7,1e+21,2,6,0
7,1e+21,2,7,0
7,1e+21,5,0,0.33528
7,1e+21,5,1,0.51143
7,1e+21,5,2,0.152
7,1e+21,5,3,0.0012875
7,1e+21,5,4,7.0457e-09
7,1e+21,5,5,3.1995e-15
7,1e+21,5,6,0
7,1e+21,5,7,0
7,1e+21,7,0,0.14737
7,1e+21,7,1,0.32925
7,1e+21,7,2,0.46251
7,1e+21,7,3,0.060841
7,1e+21,7,4,3.6753e-05
7,1e+21,7,5,3.6065e-09
7,1e+21,7,6,1.1463e-40
7,1e+21,7,7,0
7,1e+21,10,0,0.021751
7,1e+21,10,1,0.12184
7,1e+21,10,2,0.44188
7,1e+21,10,3,0.40455
7,1e+21,10,4,0.0099269
7,1e+21,10,5,5.9946e-05
7,1e+21,10,6,3.2229e-26
7,1e+21,10,7,0
7,1e+21,15,0,0.00069318
7,1e+21,15,1,0.015201
7,1e+21,15,2,0.14863
7,1e+21,15,3,0.54204
7,1e+21,15,4,0.25466
7,1e+21,15,5,0.038773
7,1e+21,15,6,2.1102e-15
7,1e+21,15,7,3.9528e-33
7,1e+21,23,0,2.9618e-06
7,1e+21,23,1,0.0002424
7,1e+21,23,2,0.0089557
7,1e+21,23,3,0.10323
7,1e+21,23,4,0.40125
7,1e+21,23,5,0.48632
7,1e+21,23,6,1.1099e-08
7,1e+21,23,7,1.2886e-19
7,1e+21,32,0,3.1584e-08
7,1e+21,32,1,1.0284e-05
7,1e+21,32,2,0.0006414
7,1e+21,32,3,0.017222
7,1e+21,32,4,0.23115
7,1e+21,32,5,0.75096
7,1e+21,32,6,1.6869e-05
7,1e+21,32,7,8.2927e-13
7,1e+21,52,0,1.4484e-10
7,1e+21,52,1,8.7585e-08
7,1e+21,52,2,2.1984e-05
7,1e+21,52,3,0.002701
7,1e+21,52,4,0.095564
7,1e+21,52,5,0.8825
7,1e+21,52,6,0.019208
7,1e+21,52,7,4.0769e-06
7,1e+21,74,0,2.0093e-12
7,1e+21,74,1,2.4898e-09
7,1e+21,74,2,2.0428e-06
7,1e+21,74,3,0.00041588
7,1e+21,74,4,0.046141
7,1e+21,74,5,0.59829
7,1e+21,74,6,0.35064
7,1e+21,74,7,0.0045134
7,1e+21,100,0,3.7843e-14
7,1e+21,100,1,8.1134e-11
7,1e+21,100,2,8.1892e-08
7,1e+21,100,3,3.55e-05
7,1e+21,100,4,0.0065856
7,1e+21,100,5,0.18079
7,1e+21,100,6,0.693
7,1e+21,100,7,0.11959
7,1e+21,165,0,9.9617e-18
7,1e+21,165,1,5.1675e-14
7,1e+21,165,2,1.9584e-10
7,1e+21,165,3,2.293e-07
7,1e+21,165,4,7.2118e-05
7,1e+21,165,5,0.012372
7,1e+21,165,6,0.23434
7,1e+21,165,7,0.75322
7,1e+21,235,0,6.0861e-20
7,1e+21,235,1,5.6595e-16
7,1e+21,235,2,2.7905e-12
7,1e+21,235,3,8.6455e-09
7,1e+21,235,4,4.6475e-06
7,1e+21,235,5,0.0016642
7,1e+21,235,6,0.07784
7,1e+21,235,7,0.92049
7,1e+21,310,0,1.3006e-21
7,1e+21,310,1,1.8494e-17
7,1e+21,310,2,1.9717e-13
7,1e+21,310,3,9.259e-10
7,1e+21,310,4,5.7688e-07
7,1e+21,310,5,0.00055017
7,1e+21,310,6,0.044214
7,1e+21,310,7,0.95523
7,1e+21,390,0,9.881e-23
7,1e+21,390,1,1.9804e-18
7,1e+21,390,2,2.2171e-14
7,1e+21,390,3,1.7424e-10
7,1e+21,390,4,1.741e-07
7,1e+21,390,5,0.00020197
7,1e+21,390,6,0.027696
7,1e+21,390,7,0.9721
7,1e+21,475,0,9.4471e-24
7,1e+21,475,1,2.5569e-19
7,1e+21,475,2,4.7866e-15
7,1e+21,475,3,4.3076e-11
7,1e+21,475,4,5.3103e-08
7,1e+21,475,5,0.00011784
7,1e+21,475,6,0.022968
7,1e+21,475,7,0.97691
7,1e+21,655,0,3.5395e-25
7,1e+21,655,1,1.5117e-20
7,1e+21,655,2,3.402e-16
7,1e+21,655,3,5.5828e-12
7,1e+21,655,4,1.2362e-08
7,1e+21,655,5,3.6448e-05
7,1e+21,655,6,0.016246
7,1e+21,655,7,0.98372
7,1e+21,845,0,2.4483e-26
7,1e+21,845,1,1.4838e-21
7,1e+21,845,2,4.8481e-17
7,1e+21,845,3,1.2352e-12
7,1e+21,845,4,3.506e-09
7,1e+21,845,5,1.9711e-05
7,1e+21,845,6,0.010931
7,1e+21,845,7,0.98905
7,1e+21,1000,0,4.449e-27
7,1e+21,1000,1,3.44e-22
7,1e+21,1000,2,1.4664e-17
7,1e+21,1000,3,4.7903e-13
7,1e+21,1000,4,1.5969e-09
7,1e+21,1000,5,1.4379e-05
7,1e+21,1000,6,0.010193
7,1e+21,1000,7,0.98979
7,1e+21,1441,0,1.2382e-28
7,1e+21,1441,1,1.6191e-23
7,1e+21,1441,2,1.2116e-18
7,1e+21,1441,3,5.9647e-14
7,1e+21,1441,4,3.1995e-10
7,1e+21,1441,5,5.906e-06
7,1e+21,1441,6,0.0070834
7,1e+21,1441,7,0.99291
7,1e+21,1925,0,8.0655e-30
7,1e+21,1925,1,1.5712e-24
7,1e+21,1925,2,1.749e-19
7,1e+21,1925,3,1.2137e-14
7,1e+21,1925,4,9.5762e-11
7,1e+21,1925,5,3.1364e-06
7,1e+21,1925,6,0.0054971
7,1e+21,1925,7,0.9945
7,1e+21,2454,0,8.4122e-31
7,1e+21,2454,1,2.3544e-25
7,1e+21,2454,2,3.4447e-20
7,1e+21,2454,3,3.2927e-15
7,1e+21,2454,4,3.6054e-11
7,1e+21,2454,5,1.9226e-06
7,1e+21,2454,6,0.0045423
7,1e+21,2454,7,0.99546
7,1e+21,3030,0,1.2183e-31
7,1e+21,3030,1,4.8673e-26
7,1e+21,3030,2,8.6718e-21
7,1e+21,3030,3,1.085e-15
7,1e+21,3030,4,1.5815e-11
7,1e+21,3030,5,1.2855e-06
7,1e+21,3030,6,0.0039045
7,1e+21,3030,7,0.99609
7,1e+21,3655,0,2.255e-32
7,1e+21,3655,1,1.1302e-26
7,1e+21,3655,2,2.5542e-21
7,1e+21,3655,3,4.263e-16
7,1e+21,3655,4,7.6484e-12
7,1e+21,3655,5,7.8607e-07
7,1e+21,3655,6,0.0034525
7,1e+21,3655,7,0.99655
7,1e+21,4331,0,4.823e-33
7,1e+21,4331,1,3.1577e-27
7,1e+21,4331,2,8.5394e-22
7,1e+21,4331,3,1.7565e-16
7,1e+21,4331,4,3.9757e-12
7,1e+21,4331,5,5.8679e-07
7,1e+21,4331,6,0.0031084
7,1e+21,4331,7,0.99689
7,1e+21,5060,0,1.2264e-33
7,1e+21,5060,1,9.7547e-28
7,1e+21,5060,2,3.2159e-22
7,1e+21,5060,3,7.9745e-17
7,1e+21,5060,4,2.233e-12
7,1e+21,5060,5,4.5458e-07
7,1e+21,5060,6,0.0024741
7,1e+21,5060,7,0.99753
7,1e+21,5844,0,3.372e-34
7,1e+21,5844,1,3.266e-28
7,1e+21,5844,2,1.3045e-22
7,1e+21,5844,3,3.886e-17
7,1e+21,5844,4,1.3302e-12
7,1e+21,5844,5,3.6884e-07
7,1e+21,5844,6,0.0023024
7,1e+21,5844,7,0.9977
7,1e+21,6685,0,1.0647e-34
7,1e+21,6685,1,1.178e-28
7,1e+21,6685,2,5.623e-23
7,1e+21,6685,3,1.9777e-17
7,1e+21,6685,4,8.1512e-13
7,1e+21,6685,5,2.6685e-07
7,1e+21,6685,6,0.0021607
7,1e+21,6685,7,0.99784
7,1e+21,7585,0,3.4354e-35
7,1e+21,7585,1,4.418e-29
7,1e+21,7585,2,2.4935e-23
7,1e+21,7585,3,1.0237e-17
7,1e+21,7585,4,5.0233e-13
7,1e+21,7585,5,2.2013e-07
7,1e+21,7585,6,0.0017945
7,1e+21,7585,7,0.99821
7,1e+21,8546,0,1.1666e-35
7,1e+21,8546,1,1.7638e-29
7,1e+21,8546,2,1.1662e-23
7,1e+21,8546,3,5.5345e-18
7,1e+21,8546,4,3.2015e-13
7,1e+21,8546,5,1.8424e-07
7,1e+21,8546,6,0.0017084
7,1e+21,8546,7,0.99829
7,1e+21,10000,0,2.8463e-36
7,1e+21,10000,1,5.3299e-30
7,1e+21,10000,2,4.342e-24
7,1e+21,10000,3,2.4891e-18
7,1e+21,10000,4,1.7879e-13
7,1e+21,10000,5,1.2257e-07
7,1e+21,10000,6,0.001531
7,1e+21,10000,7,0.99847
7,1e+21,20000,0,7.0984e-39
7,1e+21,20000,1,3.2162e-32
7,1e+21,20000,2,6.594e-26
7,1e+21,20000,3,8.4906e-20
7,1e+21,20000,4,1.5728e-14
7,1e+21,20000,5,2.1265e-08
7,1e+21,20000,6,0.0006959
7,1e+21,20000,7,0.9993
7,1e+21,50000,0,2.1538e-42
7,1e+21,50000,1,3.4473e-35
7,1e+21,50000,2,2.4685e-28
7,1e+21,50000,3,1.003e-21
7,1e+21,50000,4,6.3187e-16
7,1e+21,50000,5,2.1654e-09
7,1e+21,50000,6,0.00018322
7,1e+21,50000,7,0.99982
7,1e+21,1e+05,0,4.2039e-45
7,1e+21,1e+05,1,1.72e-37
7,1e+21,1e+05,2,3.2247e-30
7,1e+21,1e+05,3,3.0905e-23
7,1e+21,1e+05,4,5.0793e-17
7,1e+21,1e+05,5,3.6168e-10
7,1e+21,1e+05,6,6.6986e-05
7,1e+21,1e+05,7,0.99993
7,1e+22,0.5,0,1
7,1e+22,0.5,1,1.3401e-07
7,1e+22,0.5,2,6.242e-24
7,1e+22,0.5,3,0
7,1e+22,0.5,4,0
7,1e+22,0.5,5,0
7,1e+22,0.5,6,0
7,1e+22,0.5,7,0
7,1e+22,1,0,0.99958
7,1e+22,1,1,0.00042143
7,1e+22,1,2,2.6967e-12
7,1e+22,1,3,7.7569e-27
7,1e+22,1,4,0
7,1e+22,1,5,0
7,1e+22,1,6,0
7,1e+22,1,7,0
7,1e+22,1.5,0,0.99191
7,1e+22,1.5,1,0.008087
7,1e+22,1.5,2,3.4368e-08
7,1e+22,1.5,3,7.339e-18
7,1e+22,1.5,4,3.4631e-36
7,1e+22,1.5,5,0
7,1e+22,1.5,6,0
7,1e+22,1.5,7,0
7,1e+22,2,0,0.96013
7,1e+22,2,1,0.039869
7,1e+22,2,2,5.0527e-06
7,1e+22,2,3,3.3809e-13
7,1e+22,2,4,4.5463e-27
7,1e+22,2,5,7.9874e-44
7,1e+22,2,6,0
7,1e+22,2,7,0
7,1e+22,5,0,0.35233
7,1e+22,5,1,0.5768
7,1e+22,5,2,0.070559
7,1e+22,5,3,0.00030868
7,1e+22,5,4,1.2427e-09
7,1e+22,5,5,5.7748e-16
7,1e+22,5,6,0
7,1e+22,5,7,0
7,1e+22,7,0,0.11733
7,1e+22,7,1,0.54595
7,1e+22,7,2,0.32247
7,1e+22,7,3,0.014235
7,1e+22,7,4,3.5559e-06
7,1e+22,7,5,1.8244e-10
7,1e+22,7,6,6.30444e-42
7,1e+22,7,7,0
7,1e+22,10,0,0.017208
7,1e+22,10,1,0.28958
7,1e+22,10,2,0.55536
7,1e+22,10,3,0.13693
7,1e+22,10,4,0.0009183
7,1e+22,10,5,1.7547e-06
7,1e+22,10,6,6.9521e-28
7,1e+22,10,7,0
7,1e+22,15,0,0.00097688
7,1e+22,15,1,0.094205
7,1e+22,15,2,0.46387
7,1e+22,15,3,0.3982
7,1e+22,15,4,0.041317
7,1e+22,15,5,0.0014269
7,1e+22,15,6,4.4988e-17
7,1e+22,15,7,1.412e-34
7,1e+22,23,0,2.3769e-05
7,1e+22,23,1,0.012647
7,1e+22,23,2,0.18721
7,1e+22,23,3,0.39776
7,1e+22,23,4,0.31857
7,1e+22,23,5,0.083789
7,1e+22,23,6,1.0192e-09
7,1e+22,23,7,1.5491e-20
7,1e+22,32,0,7.1154e-07
7,1e+22,32,1,0.001148
7,1e+22,32,2,0.041956
7,1e+22,32,3,0.17853
7,1e+22,32,4,0.4398
7,1e+22,32,5,0.33856
7,1e+22,32,6,4.1475e-06
7,1e+22,32,7,2.3783e-13
7,1e+22,52,0,3.4625e-09
7,1e+22,52,1,8.9797e-05
7,1e+22,52,2,0.0026888
7,1e+22,52,3,0.033776
7,1e+22,52,4,0.27631
7,1e+22,52,5,0.67852
7,1e+22,52,6,0.0086115
7,1e+22,52,7,1.9035e-06
7,1e+22,74,0,6.824e-11
7,1e+22,74,1,4.1991e-06
7,1e+22,74,2,0.00026938
7,1e+22,74,3,0.007811
7,1e+22,74,4,0.121
7,1e+22,74,5,0.64178
7,1e+22,74,6,0.22626
7,1e+22,74,7,0.0028689
7,1e+22,100,0,5.4268e-10
7,1e+22,100,1,1.291e-07
7,1e+22,100,2,1.4256e-05
7,1e+22,100,3,0.0010127
7,1e+22,100,4,0.020736
7,1e+22,100,5,0.29559
7,1e+22,100,6,0.58781
7,1e+22,100,7,0.094843
7,1e+22,165,0,1.7064e-13
7,1e+22,165,1,9.6364e-11
7,1e+22,165,2,2.7433e-08
7,1e+22,165,3,1.5509e-05
7,1e+22,165,4,0.00024796
7,1e+22,165,5,0.023371
7,1e+22,165,6,0.26817
7,1e+22,165,7,0.70819
7,1e+22,235,0,6.5176e-16
7,1e+22,235,1,6.606e-13
7,1e+22,235,2,7.3568e-10
7,1e+22,235,3,5.6675e-07
7,1e+22,235,4,1.1083e-05
7,1e+22,235,5,0.0032387
7,1e+22,235,6,0.10384
7,1e+22,235,7,0.89291
7,1e+22,310,0,2.7019e-17
7,1e+22,310,1,4.0488e-14
7,1e+22,310,2,3.4562e-11
7,1e+22,310,3,5.9843e-08
7,1e+22,310,4,2.1511e-06
7,1e+22,310,5,0.00081014
7,1e+22,310,6,0.075084
7,1e+22,310,7,0.9241
7,1e+22,390,0,1.2681e-18
7,1e+22,390,1,2.7379e-15
7,1e+22,390,2,3.6907e-12
7,1e+22,390,3,1.0053e-08
7,1e+22,390,4,4.5009e-07
7,1e+22,390,5,0.00029483
7,1e+22,390,6,0.049976
7,1e+22,390,7,0.94973
7,1e+22,475,0,1.0557e-19
7,1e+22,475,1,3.1053e-16
7,1e+22,475,2,5.8063e-13
7,1e+22,475,3,2.402e-09
7,1e+22,475,4,1.3245e-07
7,1e+22,475,5,0.00021023
7,1e+22,475,6,0.035948
7,1e+22,475,7,0.96384
7,1e+22,655,0,2.2618e-21
7,1e+22,655,1,1.1333e-17
7,1e+22,655,2,5.563e-14
7,1e+22,655,3,2.7435e-10
7,1e+22,655,4,2.1397e-08
7,1e+22,655,5,6.3575e-05
7,1e+22,655,6,0.03066
7,1e+22,655,7,0.96928
7,1e+22,845,0,2.2569e-22
7,1e+22,845,1,1.6629e-18
7,1e+22,845,2,7.426e-15
7,1e+22,845,3,5.5115e-11
7,1e+22,845,4,9.1603e-09
7,1e+22,845,5,2.6805e-05
7,1e+22,845,6,0.020832
7,1e+22,845,7,0.97914
7,1e+22,1000,0,3.565e-23
7,1e+22,1000,1,3.3925e-19
7,1e+22,1000,2,1.9719e-15
7,1e+22,1000,3,1.9648e-11
7,1e+22,1000,4,4.0471e-09
7,1e+22,1000,5,2.3428e-05
7,1e+22,1000,6,0.016163
7,1e+22,1000,7,0.98381
7,1e+22,1441,0,1.1716e-24
7,1e+22,1441,1,1.871e-20
7,1e+22,1441,2,1.8549e-16
7,1e+22,1441,3,2.5626e-12
7,1e+22,1441,4,1.1312e-09
7,1e+22,1441,5,1.0983e-05
7,1e+22,1441,6,0.013145
7,1e+22,1441,7,0.98684
7,1e+22,1925,0,5.9667e-26
7,1e+22,1925,1,1.5036e-21
7,1e+22,1925,2,2.4293e-17
7,1e+22,1925,3,4.949e-13
7,1e+22,1925,4,3.2302e-10
7,1e+22,1925,5,4.737e-06
7,1e+22,1925,6,0.0085553
7,1e+22,1925,7,0.99144
7,1e+22,2454,0,7.6076e-27
7,1e+22,2454,1,2.7232e-22
7,1e+22,2454,2,6.0097e-18
7,1e+22,2454,3,1.3336e-13
7,1e+22,2454,4,1.1701e-10
7,1e+22,2454,5,3.3086e-06
7,1e+22,2454,6,0.0081491
7,1e+22,2454,7,0.99185
7,1e+22,3030,0,9.501e-28
7,1e+22,3030,1,4.5966e-23
7,1e+22,3030,2,1.3797e-18
7,1e+22,3030,3,4.6971e-14
7,1e+22,3030,4,7.115e-11
7,1e+22,3030,5,1.8467e-06
7,1e+22,3030,6,0.0059653
7,1e+22,3030,7,0.99403
7,1e+22,3655,0,1.4984e-28
7,1e+22,3655,1,9.7971e-24
7,1e+22,3655,2,5.2627e-19
7,1e+22,3655,3,1.7076e-14
7,1e+22,3655,4,3.3468e-11
7,1e+22,3655,5,1.5034e-06
7,1e+22,3655,6,0.0060073
7,1e+22,3655,7,0.99399
7,1e+22,4331,0,4.0107e-29
7,1e+22,4331,1,3.272e-24
7,1e+22,4331,2,1.6804e-19
7,1e+22,4331,3,7.3778e-15
7,1e+22,4331,4,2.3361e-11
7,1e+22,4331,5,9.4498e-07
7,1e+22,4331,6,0.0046721
7,1e+22,4331,7,0.99533
7,1e+22,5060,0,9.0287e-30
7,1e+22,5060,1,9.301e-25
7,1e+22,5060,2,7.4393e-20
7,1e+22,5060,3,3.2543e-15
7,1e+22,5060,4,1.2781e-11
7,1e+22,5060,5,6.2137e-07
7,1e+22,5060,6,0.0048154
7,1e+22,5060,7,0.99518
7,1e+22,5844,0,3.091e-30
7,1e+22,5844,1,2.8896e-25
7,1e+22,5844,2,2.8404e-20
7,1e+22,5844,3,1.5444e-15
7,1e+22,5844,4,7.4417e-12
7,1e+22,5844,5,5.6548e-07
7,1e+22,5844,6,0.0038933
7,1e+22,5844,7,0.99611
7,1e+22,6685,0,8.5793e-31
7,1e+22,6685,1,1.2963e-25
7,1e+22,6685,2,1.2325e-20
7,1e+22,6685,3,8.3417e-16
7,1e+22,6685,4,5.9689e-12
7,1e+22,6685,5,4.0601e-07
7,1e+22,6685,6,0.0031936
7,1e+22,6685,7,0.99681
7,1e+22,7585,0,2.507e-31
7,1e+22,7585,1,4.644e-26
7,1e+22,7585,2,5.3272e-21
7,1e+22,7585,3,4.2281e-16
7,1e+22,7585,4,3.6068e-12
7,1e+22,7585,5,3.7003e-07
7,1e+22,7585,6,0.0033661
7,1e+22,7585,7,0.99663
7,1e+22,8546,0,7.9894e-32
7,1e+22,8546,1,1.7445e-26
7,1e+22,8546,2,2.3671e-21
7,1e+22,8546,3,2.2424e-16
7,1e+22,8546,4,2.2593e-12
7,1e+22,8546,5,2.6943e-07
7,1e+22,8546,6,0.0028201
7,1e+22,8546,7,0.99718
7,1e+22,10000,0,1.7839e-32
7,1e+22,10000,1,4.9338e-27
7,1e+22,10000,2,8.8467e-22
7,1e+22,10000,3,1.0429e-16
7,1e+22,10000,4,1.2316e-12
7,1e+22,10000,5,1.7784e-07
7,1e+22,10000,6,0.0027909
7,1e+22,10000,7,0.99721
7,1e+22,20000,0,2.8372e-35
7,1e+22,20000,1,2.271e-29
7,1e+22,20000,2,1.1478e-23
7,1e+22,20000,3,3.2651e-18
7,1e+22,20000,4,9.7711e-14
7,1e+22,20000,5,5.6211e-08
7,1e+22,20000,6,0.0014907
7,1e+22,20000,7,0.99851
7,1e+22,50000,0,6.0225e-39
7,1e+22,50000,1,1.9156e-32
7,1e+22,50000,2,3.1123e-26
7,1e+22,50000,3,3.4321e-20
7,1e+22,50000,4,3.572e-15
7,1e+22,50000,5,1.0915e-08
7,1e+22,50000,6,0.00074712
7,1e+22,50000,7,0.99925
7,1e+22,1e+05,0,9.66476e-42
7,1e+22,1e+05,1,8.0878e-35
7,1e+22,1e+05,2,3.3951e-28
7,1e+22,1e+05,3,9.8338e-22
7,1e+22,1e+05,4,2.7943e-16
7,1e+22,1e+05,5,2.7427e-09
7,1e+22,1e+05,6,0.00046011
7,1e+22,1e+05,7,0.99954
7,1e+23,0.5,0,0
7,1e+23,0.5,1,0.99999
7,1e+23,0.5,2,5.027e-06
7,1e+23,0.5,3,4.0955e-20
7,1e+23,0.5,4,0
7,1e+23,0.5,5,0
7,1e+23,0.5,6,0
7,1e+23,0.5,7,0
7,1e+23,1,0,0
7,1e+23,1,1,0.99926
7,1e+23,1,2,0.00073864
7,1e+23,1,3,1.7354e-11
7,1e+23,1,4,4.9526e-30
7,1e+23,1,5,0
7,1e+23,1,6,0
7,1e+23,1,7,0
7,1e+23,1.5,0,0
7,1e+23,1.5,1,0.99494
7,1e+23,1.5,2,0.0050554
7,1e+23,1.5,3,2.2011e-08
7,1e+23,1.5,4,2.6554e-21
7,1e+23,1.5,5,2.5425e-37
7,1e+23,1.5,6,0
7,1e+23,1.5,7,0
7,1e+23,2,0,0
7,1e+23,2,1,0.98506
7,1e+23,2,2,0.014937
7,1e+23,2,3,1.0076e-06
7,1e+23,2,4,9.1237e-17
7,1e+23,2,5,6.137e-29
7,1e+23,2,6,0
7,1e+23,2,7,0
7,1e+23,5,0,0
7,1e+23,5,1,0.83139
7,1e+23,5,2,0.16574
7,1e+23,5,3,0.0028747
7,1e+23,5,4,9.6736e-08
7,1e+23,5,5,7.5565e-13
7,1e+23,5,6,0
7,1e+23,5,7,0
7,1e+23,7,0,0.33595
7,1e+23,7,1,0.46677
7,1e+23,7,2,0.18598
7,1e+23,7,3,0.011294
7,1e+23,7,4,6.1532e-06
7,1e+23,7,5,1.1397e-09
7,1e+23,7,6,2.3216e-40
7,1e+23,7,7,0
7,1e+23,10,0,0.17631
7,1e+23,10,1,0.40947
7,1e+23,10,2,0.34591
7,1e+23,10,3,0.067908
7,1e+23,10,4,0.00039473
7,1e+23,10,5,9.3187e-07
7,1e+23,10,6,6.4448e-28
7,1e+23,10,7,0
7,1e+23,15,0,0.055794
7,1e+23,15,1,0.23571
7,1e+23,15,2,0.43598
7,1e+23,15,3,0.26025
7,1e+23,15,4,0.012016
7,1e+23,15,5,0.00024297
7,1e+23,15,6,5.3016e-18
7,1e+23,15,7,1.9508e-35
7,1e+23,23,0,0.0094332
7,1e+23,23,1,0.075323
7,1e+23,23,2,0.29956
7,1e+23,23,3,0.48311
7,1e+23,23,4,0.11938
7,1e+23,23,5,0.013193
7,1e+23,23,6,5.9001e-11
7,1e+23,23,7,5.5928e-22
7,1e+23,32,0,0.0014896
7,1e+23,32,1,0.019531
7,1e+23,32,2,0.13654
7,1e+23,32,3,0.43663
7,1e+23,32,4,0.30831
7,1e+23,32,5,0.097499
7,1e+23,32,6,3.2295e-07
7,1e+23,32,7,8.6058e-15
7,1e+23,52,0,4.5178e-05
7,1e+23,52,1,0.0012301
7,1e+23,52,2,0.019094
7,1e+23,52,3,0.15262
7,1e+23,52,4,0.38685
7,1e+23,52,5,0.43896
7,1e+23,52,6,0.0012062
7,1e+23,52,7,9.9229e-08
7,1e+23,74,0,2.3354e-06
7,1e+23,74,1,0.00010835
7,1e+23,74,2,0.0029599
7,1e+23,74,3,0.044098
7,1e+23,74,4,0.24757
7,1e+23,74,5,0.65636
7,1e+23,74,6,0.048689
7,1e+23,74,7,0.00021452
7,1e+23,100,0,1.0657e-07
7,1e+23,100,1,7.8439e-06
7,1e+23,100,2,0.00034777
7,1e+23,100,3,0.025466
7,1e+23,100,4,0.10523
7,1e+23,100,5,0.5624
7,1e+23,100,6,0.29054
7,1e+23,100,7,0.016012
7,1e+23,165,0,1.3537e-10
7,1e+23,165,1,2.1931e-08
7,1e+23,165,2,2.2167e-06
7,1e+23,165,3,0.00065677
7,1e+23,165,4,0.005897
7,1e+23,165,5,0.11848
7,1e+23,165,6,0.45358
7,1e+23,165,7,0.42139
7,1e+23,235,0,7.4276e-13
7,1e+23,235,1,2.1233e-10
7,1e+23,235,2,3.8659e-08
7,1e+23,235,3,2.6274e-05
7,1e+23,235,4,0.00049022
7,1e+23,235,5,0.020872
7,1e+23,235,6,0.23465
7,1e+23,235,7,0.74396
7,1e+23,310,0,1.5069e-14
7,1e+23,310,1,6.7259e-12
7,1e+23,310,2,1.9348e-09
7,1e+23,310,3,2.3703e-06
7,1e+23,310,4,6.0776e-05
7,1e+23,310,5,0.0055362
7,1e+23,310,6,0.13363
7,1e+23,310,7,0.86078
7,1e+23,390,0,7.061e-16
7,1e+23,390,1,4.5499e-13
7,1e+23,390,2,1.9031e-10
7,1e+23,390,3,3.668e-07
7,1e+23,390,4,1.2473e-05
7,1e+23,390,5,0.0020014
7,1e+23,390,6,0.086312
7,1e+23,390,7,0.91167
7,1e+23,475,0,5.4482e-17
7,1e+23,475,1,4.8011e-14
7,1e+23,475,2,3.0959e-10
7,1e+23,475,3,9.7321e-08
7,1e+23,475,4,3.369e-06
7,1e+23,475,5,0.00084552
7,1e+23,475,6,0.1037
7,1e+23,475,7,0.89545
7,1e+23,655,0,1.0941e-18
7,1e+23,655,1,1.596e-15
7,1e+23,655,2,2.6723e-11
7,1e+23,655,3,1.7743e-08
7,1e+23,655,4,5.1083e-07
7,1e+23,655,5,0.00024989
7,1e+23,655,6,0.063692
7,1e+23,655,7,0.93606
7,1e+23,845,0,5.6485e-20
7,1e+23,845,1,1.2232e-16
7,1e+23,845,2,3.074e-12
7,1e+23,845,3,3.128e-09
7,1e+23,845,4,1.283e-07
7,1e+23,845,5,0.00019395
7,1e+23,845,6,0.043348
7,1e+23,845,7,0.95646
7,1e+23,1000,0,8.3064e-21
7,1e+23,1000,1,7.9385e-16
7,1e+23,1000,2,9.3623e-13
7,1e+23,1000,3,1.0252e-09
7,1e+23,1000,4,5.3345e-08
7,1e+23,1000,5,0.00010937
7,1e+23,1000,6,0.033616
7,1e+23,1000,7,0.96627
7,1e+23,1441,0,1.9007e-21
7,1e+23,1441,1,1.1617e-16
7,1e+23,1441,2,1.275e-13
7,1e+23,1441,3,2.0644e-10
7,1e+23,1441,4,1.4223e-08
7,1e+23,1441,5,3.328e-05
7,1e+23,1441,6,0.01938
7,1e+23,1441,7,0.98059
7,1e+23,1925,0,2.9634e-21
7,1e+23,1925,1,8.0997e-18
7,1e+23,1925,2,1.323e-14
7,1e+23,1925,3,7.7335e-11
7,1e+23,1925,4,3.5673e-09
7,1e+23,1925,5,1.3387e-05
7,1e+23,1925,6,0.022012
7,1e+23,1925,7,0.97797
7,1e+23,2454,0,2.2421e-22
7,1e+23,2454,1,8.8464e-19
7,1e+23,2454,2,2.0914e-15
7,1e+23,2454,3,3.5392e-11
7,1e+23,2454,4,1.1759e-09
7,1e+23,2454,5,6.4576e-06
7,1e+23,2454,6,0.015368
7,1e+23,2454,7,0.98463
7,1e+23,3030,0,2.4637e-23
7,1e+23,3030,1,1.3357e-19
7,1e+23,3030,2,8.4486e-16
7,1e+23,3030,3,1.3423e-11
7,1e+23,3030,4,4.6128e-10
7,1e+23,3030,5,6.0387e-06
7,1e+23,3030,6,0.011239
7,1e+23,3030,7,0.98876
7,1e+23,3655,0,7.8003e-24
7,1e+23,3655,1,5.2735e-20
7,1e+23,3655,2,2.3924e-16
7,1e+23,3655,3,4.471e-12
7,1e+23,3655,4,2.0793e-10
7,1e+23,3655,5,3.5348e-06
7,1e+23,3655,6,0.0085084
7,1e+23,3655,7,0.99149
7,1e+23,4331,0,1.3328e-24
7,1e+23,4331,1,1.163e-20
7,1e+23,4331,2,7.181e-17
7,1e+23,4331,3,1.7009e-12
7,1e+23,4331,4,1.5385e-10
7,1e+23,4331,5,2.149e-06
7,1e+23,4331,6,0.01072
7,1e+23,4331,7,0.98928
7,1e+23,5060,0,2.7179e-25
7,1e+23,5060,1,2.9954e-21
7,1e+23,5060,2,2.3324e-17
7,1e+23,5060,3,6.9113e-13
7,1e+23,5060,4,7.9626e-11
7,1e+23,5060,5,1.383e-06
7,1e+23,5060,6,0.0085117
7,1e+23,5060,7,0.99149
7,1e+23,5844,0,6.3019e-26
7,1e+23,5844,1,8.621e-22
7,1e+23,5844,2,8.3286e-18
7,1e+23,5844,3,3.0482e-13
7,1e+23,5844,4,4.3824e-11
7,1e+23,5844,5,1.5079e-06
7,1e+23,5844,6,0.0068759
7,1e+23,5844,7,0.99312
7,1e+23,6685,0,1.619e-26
7,1e+23,6685,1,2.8486e-22
7,1e+23,6685,2,5.0864e-18
7,1e+23,6685,3,1.4484e-13
7,1e+23,6685,4,2.5093e-11
7,1e+23,6685,5,1.0505e-06
7,1e+23,6685,6,0.0056334
7,1e+23,6685,7,0.99437
7,1e+23,7585,0,7.9152e-27
7,1e+23,7585,1,9.4797e-23
7,1e+23,7585,2,2.0449e-18
7,1e+23,7585,3,7.0002e-14
7,1e+23,7585,4,1.47e-11
7,1e+23,7585,5,7.3751e-07
7,1e+23,7585,6,0.0046684
7,1e+23,7585,7,0.99533
7,1e+23,8546,0,2.3481e-27
7,1e+23,8546,1,5.7734e-23
7,1e+23,8546,2,8.6678e-19
7,1e+23,8546,3,3.5336e-14
7,1e+23,8546,4,1.3678e-11
7,1e+23,8546,5,5.275e-07
7,1e+23,8546,6,0.0059435
7,1e+23,8546,7,0.99406
7,1e+23,10000,0,4.8074e-28
7,1e+23,10000,1,1.5261e-23
7,1e+23,10000,2,3.136e-19
7,1e+23,10000,3,1.447e-14
7,1e+23,10000,4,7.1439e-12
7,1e+23,10000,5,3.4209e-07
7,1e+23,10000,6,0.004705
7,1e+23,10000,7,0.99529
7,1e+23,20000,0,7.9828e-31
7,1e+23,20000,1,7.1067e-26
7,1e+23,20000,2,4.1608e-21
7,1e+23,20000,3,3.3307e-16
7,1e+23,20000,4,6.7461e-13
7,1e+23,20000,5,1.1553e-07
7,1e+23,20000,6,0.0024239
7,1e+23,20000,7,0.99758
7,1e+23,50000,0,2.1034e-34
7,1e+23,50000,1,7.3703e-29
7,1e+23,50000,2,1.6125e-23
7,1e+23,50000,3,2.7068e-18
7,1e+23,50000,4,3.8353e-14
7,1e+23,50000,5,1.9384e-08
7,1e+23,50000,6,0.0015123
7,1e+23,50000,7,0.99849
7,1e+23,1e+05,0,3.2077e-37
7,1e+23,1e+05,1,3.1784e-31
7,1e+23,1e+05,2,2.0632e-25
7,1e+23,1e+05,3,7.3791e-20
7,1e+23,1e+05,4,3.5428e-15
7,1e+23,1e+05,5,5.1228e-09
7,1e+23,1e+05,6,0.00086428
7,1e+23,1e+05,7,0.99914
7,1e+24,0.5,0,0
7,1e+24,0.5,1,0
7,1e+24,0.5,2,0
7,1e+24,0.5,3,0
7,1e+24,0.5,4,0
7,1e+24,0.5,5,1
7,1e+24,0.5,6,0
7,1e+24,0.5,7,0
7,1e+24,1,0,0
7,1e+24,1,1,0
7,1e+24,1,2,0
7,1e+24,1,3,0
7,1e+24,1,4,0
7,1e+24,1,5,1
7,1e+24,1,6,0
7,1e+24,1,7,0
7,1e+24,1.5,0,0
7,1e+24,1.5,1,0
7,1e+24,1.5,2,0
7,1e+24,1.5,3,0
7,1e+24,1.5,4,0
7,1e+24,1.5,5,1
7,1e+24,1.5,6,0
7,1e+24,1.5,7,0
7,1e+24,2,0,0
7,1e+24,2,1,0
7,1e+24,2,2,0
7,1e+24,2,3,0
7,1e+24,2,4,0
7,1e+24,2,5,1
7,1e+24,2,6,0
7,1e+24,2,7,0
7,1e+24,5,0,0
7,1e+24,5,1,0
7,1e+24,5,2,0
7,1e+24,5,3,0
7,1e+24,5,4,0
7,1e+24,5,5,1
7,1e+24,5,6,1.3423e-39
7,1e+24,5,7,0
7,1e+24,7,0,0
7,1e+24,7,1,0
7,1e+24,7,2,0
7,1e+24,7,3,0
7,1e+24,7,4,0
7,1e+24,7,5,1
7,1e+24,7,6,1.5439e-28
7,1e+24,7,7,0
7,1e+24,10,0,0
7,1e+24,10,1,0
7,1e+24,10,2,0
7,1e+24,10,3,0
7,1e+24,10,4,0
7,1e+24,10,5,1
7,1e+24,10,6,3.5643e-20
7,1e+24,10,7,1.12104e-44
7,1e+24,15,0,0
7,1e+24,15,1,0
7,1e+24,15,2,0
7,1e+24,15,3,0
7,1e+24,15,4,0
7,1e+24,15,5,1
7,1e+24,15,6,1.3845e-13
7,1e+24,15,7,5.3135e-30
7,1e+24,23,0,0
7,1e+24,23,1,0
7,1e+24,23,2,0
7,1e+24,23,3,0
7,1e+24,23,4,0
7,1e+24,23,5,1
7,1e+24,23,6,6.6292e-09
7,1e+24,23,7,1.3134e-19
7,1e+24,32,0,0
7,1e+24,32,1,0
7,1e+24,32,2,0
7,1e+24,32,3,0
7,1e+24,32,4,0
7,1e+24,32,5,1
7,1e+24,32,6,2.2842e-06
7,1e+24,32,7,5.4533e-14
7,1e+24,52,0,0
7,1e+24,52,1,0
7,1e+24,52,2,0
7,1e+24,52,3,0
7,1e+24,52,4,0
7,1e+24,52,5,0.9991
7,1e+24,52,6,0.00090344
7,1e+24,52,7,2.9305e-08
7,1e+24,74,0,0
7,1e+24,74,1,0
7,1e+24,74,2,0
7,1e+24,74,3,0
7,1e+24,74,4,0.3374
7,1e+24,74,5,0.65077
7,1e+24,74,6,0.011812
7,1e+24,74,7,1.4038e-05
7,1e+24,100,0,0
7,1e+24,100,1,0
7,1e+24,100,2,0
7,1e+24,100,3,0
7,1e+24,100,4,0.21301
7,1e+24,100,5,0.70437
7,1e+24,100,6,0.081624
7,1e+24,100,7,0.00099315
7,1e+24,165,0,0
7,1e+24,165,1,0
7,1e+24,165,2,0
7,1e+24,165,3,0.046547
7,1e+24,165,4,0.051449
7,1e+24,165,5,0.44654
7,1e+24,165,6,0.38371
7,1e+24,165,7,0.071757
7,1e+24,235,0,0
7,1e+24,235,1,0
7,1e+24,235,2,0
7,1e+24,235,3,0.0052297
7,1e+24,235,4,0.029893
7,1e+24,235,5,0.20268
7,1e+24,235,6,0.45206
7,1e+24,235,7,0.31014
7,1e+24,310,0,0
7,1e+24,310,1,0
7,1e+24,310,2,0
7,1e+24,310,3,0.00076852
7,1e+24,310,4,0.0083266
7,1e+24,310,5,0.086919
7,1e+24,310,6,0.36206
7,1e+24,310,7,0.54193
7,1e+24,390,0,0
7,1e+24,390,1,0
7,1e+24,390,2,0
7,1e+24,390,3,0.00014982
7,1e+24,390,4,0.0023549
7,1e+24,390,5,0.040171
7,1e+24,390,6,0.26731
7,1e+24,390,7,0.69001
7,1e+24,475,0,0
7,1e+24,475,1,0
7,1e+24,475,2,0
7,1e+24,475,3,3.7068e-05
7,1e+24,475,4,0.00079841
7,1e+24,475,5,0.020481
7,1e+24,475,6,0.1987
7,1e+24,475,7,0.77998
7,1e+24,655,0,0
7,1e+24,655,1,0
7,1e+24,655,2,0
7,1e+24,655,3,3.9892e-06
7,1e+24,655,4,0.00014259
7,1e+24,655,5,0.0069135
7,1e+24,655,6,0.11966
7,1e+24,655,7,0.87328
7,1e+24,845,0,0
7,1e+24,845,1,0
7,1e+24,845,2,7.1466e-09
7,1e+24,845,3,7.1379e-07
7,1e+24,845,4,3.7949e-05
7,1e+24,845,5,0.0029759
7,1e+24,845,6,0.079694
7,1e+24,845,7,0.91729
7,1e+24,1000,0,0
7,1e+24,1000,1,9.2342e-12
7,1e+24,1000,2,1.8053e-09
7,1e+24,1000,3,2.3358e-07
7,1e+24,1000,4,1.612e-05
7,1e+24,1000,5,0.001719
7,1e+24,1000,6,0.060958
7,1e+24,1000,7,0.93731
7,1e+24,1441,0,5.4627e-16
7,1e+24,1441,1,2.8108e-13
7,1e+24,1441,2,9.6071e-11
7,1e+24,1441,3,2.1739e-08
7,1e+24,1441,4,2.633e-06
7,1e+24,1441,5,0.00053328
7,1e+24,1441,6,0.034235
7,1e+24,1441,7,0.96523
7,1e+24,1925,0,2.222e-17
7,1e+24,1925,1,1.7779e-14
7,1e+24,1925,2,9.4427e-12
7,1e+24,1925,3,3.3209e-09
7,1e+24,1925,4,6.2657e-07
7,1e+24,1925,5,0.00020682
7,1e+24,1925,6,0.054425
7,1e+24,1925,7,0.94537
7,1e+24,2454,0,1.6177e-18
7,1e+24,2454,1,1.8718e-15
7,1e+24,2454,2,1.4371e-12
7,1e+24,2454,3,7.3073e-10
7,1e+24,2454,4,1.9965e-07
7,1e+24,2454,5,9.8068e-05
7,1e+24,2454,6,0.038231
7,1e+24,2454,7,0.96167
7,1e+24,3030,0,1.6873e-19
7,1e+24,3030,1,2.6866e-16
7,1e+24,3030,2,2.8377e-13
7,1e+24,3030,3,1.9857e-10
7,1e+24,3030,4,7.4748e-08
7,1e+24,3030,5,9.7812e-05
7,1e+24,3030,6,0.028042
7,1e+24,3030,7,0.97186
7,1e+24,3655,0,2.2778e-20
7,1e+24,3655,1,4.8163e-17
7,1e+24,3655,2,6.7548e-14
7,1e+24,3655,3,6.2771e-11
7,1e+24,3655,4,3.1407e-08
7,1e+24,3655,5,5.5105e-05
7,1e+24,3655,6,0.021251
7,1e+24,3655,7,0.97869
7,1e+24,4331,0,3.7405e-21
7,1e+24,4331,1,1.0216e-17
7,1e+24,4331,2,1.8509e-14
7,1e+24,4331,3,2.0178e-10
7,1e+24,4331,4,1.5003e-08
7,1e+24,4331,5,3.2835e-05
7,1e+24,4331,6,0.016515
7,1e+24,4331,7,0.98345
7,1e+24,5060,0,7.1942e-22
7,1e+24,5060,1,2.4837e-18
7,1e+24,5060,2,5.6878e-15
7,1e+24,5060,3,7.8545e-11
7,1e+24,5060,4,9.7844e-09
7,1e+24,5060,5,2.0489e-05
7,1e+24,5060,6,0.013102
7,1e+24,5060,7,0.98688
7,1e+24,5844,0,1.5708e-22
7,1e+24,5844,1,6.738e-19
7,1e+24,5844,2,1.9172e-15
7,1e+24,5844,3,3.2953e-11
7,1e+24,5844,4,5.0866e-09
7,1e+24,5844,5,1.3289e-05
7,1e+24,5844,6,0.010572
7,1e+24,5844,7,0.98941
7,1e+24,6685,0,3.8019e-23
7,1e+24,6685,1,1.9967e-19
7,1e+24,6685,2,6.9559e-16
7,1e+24,6685,3,1.4658e-11
7,1e+24,6685,4,2.7652e-09
7,1e+24,6685,5,8.8734e-06
7,1e+24,6685,6,0.008651
7,1e+24,6685,7,0.99134
7,1e+24,7585,0,1.0038e-23
7,1e+24,7585,1,6.375e-20
7,1e+24,7585,2,2.1204e-15
7,1e+24,7585,3,7.7212e-12
7,1e+24,7585,4,1.5608e-09
7,1e+24,7585,5,6.0708e-06
7,1e+24,7585,6,0.0071633
7,1e+24,7585,7,0.99283
7,1e+24,8546,0,2.8346e-24
7,1e+24,8546,1,2.1537e-20
7,1e+24,8546,2,1.9164e-15
7,1e+24,8546,3,8.1974e-12
7,1e+24,8546,4,9.0354e-10
7,1e+24,8546,5,4.2115e-06
7,1e+24,8546,6,0.012578
7,1e+24,8546,7,0.98742
7,1e+24,10000,0,5.4517e-25
7,1e+24,10000,1,5.2441e-21
7,1e+24,10000,2,5.9107e-16
7,1e+24,10000,3,3.2028e-12
7,1e+24,10000,4,4.4682e-10
7,1e+24,10000,5,2.6379e-06
7,1e+24,10000,6,0.0099622
7,1e+24,10000,7,0.99004
7,1e+24,20000,0,1.6288e-25
7,1e+24,20000,1,1.5427e-21
7,1e+24,20000,2,9.0794e-18
7,1e+24,20000,3,1.7167e-13
7,1e+24,20000,4,3.0971e-11
7,1e+24,20000,5,6.301e-07
7,1e+24,20000,6,0.0035482
7,1e+24,20000,7,0.99645
7,1e+24,50000,0,2.7885e-29
7,1e+24,50000,1,9.7316e-25
7,1e+24,50000,2,2.5584e-20
7,1e+24,50000,3,3.2757e-15
7,1e+24,50000,4,8.7372e-13
7,1e+24,50000,5,7.619e-08
7,1e+24,50000,6,0.0027048
7,1e+24,50000,7,0.9973
7,1e+24,1e+05,0,3.9901e-32
7,1e+24,1e+05,1,4.1157e-27
7,1e+24,1e+05,2,2.9021e-22
7,1e+24,1e+05,3,5.7379e-17
7,1e+24,1e+05,4,6.6652e-14
7,1e+24,1e+05,5,1.6719e-08
7,1e+24,1e+05,6,0.0014715
7,1e+24,1e+05,7,0.99853
